address,name,ida_name,old_name,module
$0001F0,CountryCode,name,,main95
$000200,SegaInit,,,main95
$000200,Start,Reset,,main95
$00020E,h_s,loc_20E,,main95
$000210,cold_start,,,main95
$00021C,security,,,main95
$00022E,japan,loc_22E,,main95
$00022E,reg_init,loc_22E,,main95
$000238,r_int1,loc_238,,main95
$000242,dma_fill,,,main95
$000246,z80_clr,,,main95
$00024A,z801,loc_24A,,main95
$000250,z802,loc_250,,main95
$00025C,c_wk1,loc_25C,,main95
$00025C,clr_wk,loc_25C,,main95
$000262,clr_col,,,main95
$000268,c_col1,loc_268,,main95
$00026E,clr_vsc,,,main95
$000272,c_vsc1,loc_272,,main95
$000278,clr_psg,,,main95
$00027A,c_psg1,loc_27A,,main95
$00028C,hot_start,loc_28C,,main95
$00028E,reg_set,unk_28E,,main95
$0002A8,vreg_dt,,,main95
$0002C0,dma_fill_mode,,,main95
$0002C4,z80_reg,,,main95
$0002EA,new_reg_data,,,main95
$0002EE,clr_col_data,,,main95
$0002F2,clr_vsc_data,,,main95
$0002F6,psg_dat,,,main95
$0002FA,CHECK_VDP,loc_2FA,,main95
$0003FE,CHECK_VDP.regionHang,,RegionHang,main95
$0003FE,RegionHang,loc_3FE,,main95
$000400,RegionPrint,sub_400,,main95
$000436,RegionLetters,unk_436,,main95
$00043A,RegionSystems,unk_43A,,main95
$00044E,DevelopedTxt,unk_44E,,main95
$00046B,AndTxt,unk_46B,,main95
$00046E,SystemsTxt,unk_46E,,main95
$000478,NtscMegaDriveTxt,,,main95
$000489,NtscGenesisTxt,,,main95
$000497,PalMegaDriveTxt,,,main95
$0004B8,RegionFont,unk_4B8,,main95
$000690,RegionOK,loc_690,,main95
$00069E,BusErr,name,,main95
$0006A0,AdrErr,name,,main95
$0006A2,InvOpCode,name,,main95
$0006A4,DivBy0,name,,main95
$0006A6,Begin,loc_6A6,,main95
$000772,TeamList,,,teamdata95
$0007E2,AllStarsEast,,,teamdata95
$000AB2,AllStarsWest,,,teamdata95
$000D66,Anaheim,,,teamdata95
$00102A,Boston,,,teamdata95
$001304,Buffalo,,,teamdata95
$0015E0,Calgary,,,teamdata95
$0018BE,Chicago,,,teamdata95
$001B9E,Detroit,,,teamdata95
$001E9C,Edmonton,,,teamdata95
$00218E,Florida,,,teamdata95
$00246E,Hartford,,,teamdata95
$002762,LosAngeles,,,teamdata95
$002A24,Dallas,,,teamdata95
$002CF8,Montreal,,,teamdata95
$002FE8,NewJersey,,,teamdata95
$0032DA,LongIsland,,,teamdata95
$0035C6,NewYork,,,teamdata95
$0038A8,Ottawa,,,teamdata95
$003B9E,Philadelphia,,,teamdata95
$003E7C,Pittsburgh,,,teamdata95
$00416C,Quebec,,,teamdata95
$004452,SanJose,,,teamdata95
$004716,StLouis,,,teamdata95
$0049FE,TampaBay,,,teamdata95
$004CB6,Toronto,,,teamdata95
$004FA8,Vancouver,,,teamdata95
$00528E,Winnipeg,,,teamdata95
$005556,Washington,,,teamdata95
$005834,playoffseats,,,teamdata95
$005A34,SPAlist,,,frames95
$005A36,SPAskate_table,,,frames95
$005D48,SPAskateturn_table,,,frames95
$005E5A,SPAskate2_table,,,frames95
$00616C,SPAskatewp_table,,,frames95
$00647E,SPAskatewp2_table,,,frames95
$006590,SPAglide_table,,,frames95
$0065C2,SPAglidewp_table,,,frames95
$0065F4,SPAturnl_table,,,frames95
$006646,SPAturnr_table,,,frames95
$006698,SPAturnlwp_table,,,frames95
$0066EA,SPAturnrwp_table,,,frames95
$00673C,SPAstop_table,,,frames95
$00678E,SPAstopwp_table,,,frames95
$0067E0,SPAshoulderchkl_table,,,frames95
$006812,SPAshoulderchkr_table,,,frames95
$006844,SPAHold_table,,,frames95
$006876,SPAHold2_table,,,frames95
$0068A8,SPAhook_table,,,frames95
$0068DA,SPAhook2_table,,,frames95
$00696C,SPAsweepchk_table,,,frames95
$0069DE,SPAfallfwd_table,,,frames95
$006AD0,SPAfallback_table,,,frames95
$006BE2,SPAburst_table,,,frames95
$006CF4,SPApflip_table,,,frames95
$006D96,SPApassf_table,,,frames95
$006E08,SPApassf2_table,,,frames95
$006E5A,SPApassb_table,,,frames95
$006ECC,SPApassb2_table,,,frames95
$006F3E,SPAshotf_table,,,frames95
$007070,SPAshotf2_table,,,frames95
$0071A2,SPAshotb_table,,,frames95
$0072D4,SPAshotb2_table,,,frames95
$007406,SPAskateback_table,,,frames95
$0074D8,SPAstumble_table,,,frames95
$00756A,SPAfaceoff_table,,,frames95
$007594,SPAfaceoffr_table,,,frames95
$0075AE,SPAgready_table,,,frames95
$007688,SPAgready2_table,,,frames95
$0076BA,SPAgglover_table,,,frames95
$0076EC,SPAgglovel_table,,,frames95
$00771E,SPAgstickr_table,,,frames95
$007750,SPAgstickl_table,,,frames95
$007782,SPAgdive_table,,,frames95
$007814,SPAwallright_table,,,frames95
$00785E,SPAwallleft_table,,,frames95
$0078A0,SPAcheckstart_table,,,frames95
$007952,SPAsiren_table,,,frames95
$00799C,SPAflail_table,,,frames95
$0079CE,SPAgswing_table,,,frames95
$007A40,SPAgstackl_table,,,frames95
$007A92,SPAgstackr_table,,,frames95
$007AE4,SPAboardtop_table,,,frames95
$007B56,SPAboardright_table,,,frames95
$007BD0,SPAboardbot_table,,,frames95
$007C42,SPAboardleft_table,,,frames95
$007CBC,SPAboardchk_table,,,frames95
$007CEE,SPAgskate_table,,,frames95
$007D80,SPAcelebrate_table,,,frames95
$007DF2,SPAgstackalt1_table,,,frames95
$007E1C,SPAgstackalt2_table,,,frames95
$007E36,SPAcatch_table,,,frames95
$007E88,SPAinjuryfall_table,,,frames95
$007ECA,SPAinjury1_table,,,frames95
$007F0C,SPAinjury2_table,,,frames95
$007F3E,SPAbglass_table,,,frames95
$007F64,SPAshoulderchkl2_table,,,frames95
$007F7E,SPAshoulderchkr2_table,,,frames95
$007F98,SPAglideback_table,,,frames95
$007FCA,SPAflip_table,,,frames95
$0080FC,SPAboardmidl_table,,,frames95
$00819E,SPAboardmidr_table,,,frames95
$008240,SPApump_table,,,frames95
$008312,SPAstanley_table,,,frames95
$0083E4,SPApump2_table,,,frames95
$0084B6,SPAgslamtop_table,,,frames95
$008518,SPAgextra1_table,,,frames95
$008542,SPAgextra2_table,,,frames95
$00856C,SPAgslambot_table,,,frames95
$008596,revframetbl,,,frames95
$008DD8,SeasonSchedule,byte_8DD8,,schedule95
$009721,SeasonScheduleEnd,,,schedule95
$009722,InitSaveRAM,sub_9722,,sram95
$009816,SRAMWaitVblank,sub_9816,,sram95
$00981E,VBcount,,,sram95
$009828,ValidateSRAM,sub_9828,,sram95
$009888,ClearSRAM,sub_9888,,sram95
$0098E6,WriteSRAM,sub_98E6,,sram95
$009908,MakeSRAMChecksum,sub_9908,,sram95
$009952,ReadSRAM,sub_9952,,sram95
$009972,BuildLeaderList,,,sram95
$0099AE,BuildLeaderListSum,,,sram95
$009A04,BuildLeaderListPct,,,sram95
$009AC8,Opening,loc_9AC8,,hockey95
$009ADA,Opening2,loc_9ADA,,hockey95
$009BE4,StartGame,,,hockey95
$009D18,IntermissionStart,,,hockey95
$009DD2,StartPer,loc_9DD2,,hockey95
$009EF0,Gameloop,loc_9EF0,,hockey95
$009F22,DoGameFrame,sub_9F22,,hockey95
$009FD2,IntermissionMenu,sub_9FD2,,hockey95
$00A01C,updateplayers,sub_A01C,,hockey95
$00A204,setvideo,sub_A204,,display95_01
$00A27C,setsortcords,sub_A27C,,display95_01
$00A29A,rtssdisp,locret_A29A,,display95_01
$00A29C,checksso,sub_A29C,,display95_01
$00A404,setffo,sub_A404,,display95_01
$00A434,uppads,sub_A434,,display95_01
$00A49A,FormatControllerDisplay,sub_A49A,,display95_01
$00A4FE,RenderSmallFontChar,sub_A4FE,,display95_01
$00A52E,ButtonLabelCharTable,unk_A52E,,display95_01
$00A536,updateanim,sub_A536,,replay95_01
$00A656,defaultsprites,sub_A656,,setup95_01
$00A72A,defaultsprites2,loc_A72A,,setup95_01
$00A8E6,SprSort,sub_A8E6,,setup95_01
$00A95C,updatepadinput,sub_A95C,,setup95_01
$00AA18,holdplayer,loc_AA18,,setup95_01
$00AA46,Acheck,loc_AA46,,setup95_01
$00AA7A,burstchk,loc_AA7A,,setup95_01
$00AA86,burst,loc_AA86,,setup95_01
$00AB2A,setpads,sub_AB2A,,setup95_01
$00AB4E,chgplayer,sub_AB4E,,setup95_01
$00AD5A,setcplayer,sub_AD5A,,setup95_01
$00AD80,setc1player,loc_AD80,,setup95_01
$00AD8A,setc2player,loc_AD8A,,setup95_01
$00AD96,setc3player,loc_AD96,,setup95_01
$00ADA2,setc4player,loc_ADA2,,setup95_01
$00ADAE,restorepl,sub_ADAE,,setup95_01
$00AE48,clearTeamStats,sub_AE48,,setup95_01
$00AED6,setteams,,,setup95_01
$00AF04,InitTeamSructure,sub_AF04,,setup95_01
$00AF1A,setplayercolors,sub_AF1A,,setup95_01
$00AF44,SndDriver,sub_AF44,,sounddrv95
$00B006,SndLoadZ80,loc_B006,,sounddrv95
$00B10C,SndUpdate,loc_B10C,,sounddrv95
$00B3B8,SndStartSeq,loc_B3B8,,sounddrv95
$00B47A,SndStopSeq,loc_B47A,,sounddrv95
$00B4DC,SndPutZ80Cmd,sub_B4DC,,sounddrv95
$00B55E,SndUploadBlock,sub_B55E,,sounddrv95
$00B67A,SndReadBlock,loc_B67A,,sounddrv95
$00B704,SndWriteBlock,loc_B704,,sounddrv95
$00B78E,SndPauseZ80,loc_B78E,,sounddrv95
$00B7CA,SndResumeZ80,loc_B7CA,,sounddrv95
$00B806,SndStopAll,loc_B806,,sounddrv95
$00B83E,SndClearNotes,sub_B83E,,sounddrv95
$00B878,SndReleaseNotes,sub_B878,,sounddrv95
$00B8C2,SndAddNote,sub_B8C2,,sounddrv95
$00B8EE,SndUpdateNotes,sub_B8EE,,sounddrv95
$00B96A,SndStreamZ80,sub_B96A,,sounddrv95
$00BACA,SndFindBankItem,sub_BACA,,sounddrv95
$00BB48,SndSetBank,loc_BB48,,sounddrv95
$00BBA4,SndLoadList,loc_BBA4,,sounddrv95
$00BBF8,SndFreeBlocks,loc_BBF8,,sounddrv95
$00BD0E,SndResetBlocks,loc_BD0E,,sounddrv95
$00BD58,SndSendZ80,loc_BD58,,sounddrv95
$00BD68,Z80BusRequest,sub_BD68,,sounddrv95
$00BD7C,Z80BusRelease,sub_BD7C,,sounddrv95
$00BD86,Z80Program,,,sounddrv95
$00D8EC,SoundBanks,,,sounddrv95
$0676D8,SoundCmd,sub_676D8,,sound95_01
$0676E8,UpdateCwdExcite,sub_676E8,,sound95_01
$067710,updatesound,sub_67710,,sound95_01
$06776A,CheckPeriodEnd,sub_6776A,,sound95_01
$0677AC,sfx,sub_677AC,,sound95_01
$0677C6,sfxplay,loc_677C6,,sound95_01
$067890,SfxTable,unk_67890,,sound95_01
$0678C2,song,sub_678C2,,sound95_01
$067908,StartSong,sub_67908,,sound95_01
$067938,play_new_song,sub_67938,,sound95_01
$06795E,play_new_song2,,,sound95_01
$067988,KillCrowd,sub_67988,,sound95_01
$0679B2,SoundOff,sub_679B2,,sound95_01
$0679C4,ChooseSong,sub_679C4,,sound95_01
$067A20,TeamSongs,unk_67A20,,sound95_01
$067AC8,RandomSongs,unk_67AC8,,sound95_01
$067AD0,z80_bus_release_delay,,,sound95_01
$067ADC,UploadCommandBufferToZ80,,,sound95_01
$067B22,rtscmd10,,,sound95_01
$067B24,ProcessOneMusicTrack,,,sound95_01
$067B6E,command_jump_table,,,sound95_01
$067B7E,handle_command_00,,,sound95_01
$067BB0,ReleaseChannelAndNote,,,sound95_01
$067BD2,ClearZ80SpecialEffectsFlags,,,sound95_01
$067BEC,rtsfx,locret_67BEC,,sound95_01
$067BEE,handle_command_10,,,sound95_01
$067D34,UpdateChannelFrequencyAndVolume,,,sound95_01
$068102,SetChannelVolume,,,sound95_01
$068184,handle_command_40,,,sound95_01
$06819E,handle_command_60,,,sound95_01
$0681D6,handle_command_30,,,sound95_01
$068214,handle_command_skip,,,sound95_01
$068216,p_initialZ80,Z80_LoadROM,,sound95_01
$0682A8,ClearAllTrackAndSFXSlots,,,sound95_01
$0682B0,newcheck,sub_682B0,,sound95_01
$0682D6,pcm_sample_table,,,sound95_01
$06834E,sfx_shotbh_pcm,,,sound95_01
$068542,sfx_pass_pcm,,,sound95_01
$069270,sfx_oooh_pcm,,,sound95_01
$06C4B4,sfx_crowdboo_pcm,,,sound95_01
$06EA02,sfx_check_pcm,,,sound95_01
$070954,sfx_crowdcheer_pcm,,,sound95_01
$073834,sfx_id_0E_pcm,,,sound95_01
$0772B4,sfx_playerwall_pcm,,,sound95_01
$077764,sfx_check2_pcm,,,sound95_01
$078194,sfx_hithigh_pcm,,,sound95_01
$0786EA,sfx_shotfh_pcm,,,sound95_01
$0792A2,sfx_puckget_pcm,,,sound95_01
$079502,fm_instrument_patches,,,sound95_01
$079902,DoFill,sub_79902,,video95_01
$079936,setvram,sub_79936,,video95_01
$07994C,setVram_0,sub_7994C,,video95_01
$079A22,Vmaddr,sub_79A22,,video95_01
$079A3C,dobitmap,sub_79A3C,,video95_01
$079AC0,DoDMA_clearCallbackPointer,sub_79AC0,,video95_01
$079AC4,DecompressGraphics,sub_79AC4,,video95_01
$079AFE,DoDMApro,loc_79AFE,,video95_01
$079B12,WaitDMA,sub_79B12,,video95_01
$079B24,forcefade,sub_79B24,,video95_01
$079B54,cramfade,,,video95_01
$079BE2,CopyPaletteToCRAM,sub_79BE2,,video95_01
$079C18,xyVmMap,sub_79C18,,video95_01
$079C42,remap,loc_79C42,,video95_01
$079C94,DumpSprites,,,video95_01
$079C98,DumpSprites2,,,video95_01
$079CA8,DoDMAlist,sub_79CA8,,video95_01
$079CC8,rtss2,locret_79CC8,,video95_01
$079CCA,SetScroll2,sub_79CCA,,video95_01
$079CE6,DoDMA,sub_79CE6,,video95_01
$079D80,addframe,sub_79D80,,display95_02
$079DA8,addframe2,,,display95_02
$079F54,sizetab,,,display95_02
$079F64,updatescroll,sub_79F64,,display95_02
$07A02A,forceblack,sub_7A02A,,video95_02
$07A054,forceblack2,,,video95_02
$07A07E,DecompressBytecode,,,video95_02
$07A0B6,jump_table,,,video95_02
$07A0D6,Opcode_CopyLiteral,,,video95_02
$07A0F2,Opcode_ClearBytes,,,video95_02
$07A10E,Opcode_Fillbytes,,,video95_02
$07A12E,Opcode_CopyBackwardShort,,,video95_02
$07A144,CopyBackwardRun,,,video95_02
$07A160,Opcode_CopyBackwardMedium,,,video95_02
$07A16E,Opcode_CopyBackwardLong,,,video95_02
$07A188,Opcode_CopyBackwardExtended1,,,video95_02
$07A1A2,Opcode_CopyBackwardExtended2,,,video95_02
$07A1BC,Opcode_CopyBackwardReverseShort,,,video95_02
$07A1D2,CopyBackwardReverseRun,,,video95_02
$07A1EE,Opcode_CopyBackwardReverseMedium,,,video95_02
$07A20E,Opcode_CopyBackwardReverseLong,,,video95_02
$07A228,FlushOutputBuffer,,,video95_02
$07A256,AddSmallFont,,,video95_02
$07A264,DecompressGraphicsWithCallback,sub_7A264,,video95_02
$07A270,Framer,sub_7A270,,video95_02
$07A2EC,AddFramer,,,video95_02
$07A310,AddFramer2,sub_7A310,,video95_02
$07A32C,VBjsr,VBLANK,,video95_02
$07A332,VBlank,unk_7A332,,video95_02
$07A3E6,p_music_vblank,,,video95_02
$07A3F6,vb2,unk_7A3F6,,video95_02
$07A416,IRQ7,,,video95_02
$07A418,VBlank_SetOptions,unk_7A418,,video95_02
$07A448,orjoy,sub_7A448,,video95_02
$07A456,orjoy4way,loc_7A456,,video95_02
$07A488,nodiag,sub_7A488,,video95_02
$07A4B0,ReadJoy1,sub_7A4B0,,video95_02
$07A4C8,ReadJoy2,sub_7A4C8,,video95_02
$07A4E0,ReadJoy3,sub_7A4E0,,video95_02
$07A500,NoJoy,loc_7A500,,video95_02
$07A50C,ReadJoy4,sub_7A50C,,video95_02
$07A52A,ReadJoy,sub_7A52A,,video95_02
$07A54A,jdtab,unk_7A54A,,video95_02
$07A55A,ReadJoyData,,,video95_02
$07A59C,ReadPad4Way1,,,video95_02
$07A5B6,ReadPad4Way2,,,video95_02
$07A5D0,ReadPad4Way3,,,video95_02
$07A5EA,ReadPad4Way4,,,video95_02
$07A600,ReadPad4WayPort1,,,video95_02
$07A60E,ReadPad2,,,video95_02
$07A61A,ReadPad1,,,video95_02
$07A624,ReadPadA0,,,video95_02
$07A632,ReadPad3Button,,,video95_02
$07A67E,PadDirTable,,,video95_02
$07A68E,ResetZ80Bus,,,video95_02
$07A6AA,ReadMenuJoy,sub_7A6AA,,video95_02
$07A762,ProcessInputWithRepeat,sub_7A762,,collide95_01
$07A79C,WaitVSyncAndReadInput,,,collide95_01
$07A7B4,checkcoll,sub_7A7B4,,collide95_01
$07A8A2,checkwallcoll,sub_7A8A2,,collide95_01
$07A978,wallcollb,sub_7A978,,collide95_01
$07AA36,wallcoll,sub_7AA36,,collide95_01
$07AB44,checkplcoll,sub_7AB44,,collide95_01
$07ABB8,checkcx,sub_7ABB8,,collide95_01
$07AD50,checkcheck,sub_7AD50,,collide95_01
$07AD64,CCStart,sub_7AD64,,collide95_01
$07AF06,checkinglist,unk_7AF06,,collide95_01
$07AF16,checkinglist2,unk_7AF16,,collide95_01
$07AF26,Bcheck,loc_7AF26,,collide95_01
$07AFBC,holdcheck,loc_7AFBC,,collide95_01
$07B08A,Sweepcheck,loc_7B08A,,collide95_01
$07B09A,FallDown,sub_7B09A,,collide95_01
$07B51A,checkpuckcoll,,,collide95_01
$07B904,puckstick,,,collide95_01
$07BAB2,puckglue,,,collide95_01
$07BCA8,puckbody,,,collide95_01
$07BD4A,rtspuck,locret_7BD4A,,collide95_01
$07BD4C,deflect,,,collide95_01
$07BD7A,checkpuckcoll_sfx,,,collide95_01
$07BD8C,checkgoal,sub_7BD8C,,collide95_01
$07BF1E,checkgoalp,loc_7BF1E,,collide95_01
$07BFAE,CheckBump,sub_7BFAE,,collide95_01
$07C042,wallcollduringcheck,sub_7C042,,collide95_01
$07C088,checkcornercoll94,sub_7C088,,collide95_01
$07C14E,cornercollb94,sub_7C14E,,collide95_01
$07C154,puckgoalie,,,collide95_01
$07C3FC,checkint,sub_7C3FC,,collide95_01
$07C4F6,DropPuck,sub_7C4F6,,collide95_01
$07C512,sroot,sub_7C512,,video95_03
$07C586,vtoa,sub_7C586,,video95_03
$07C5EE,find3d,sub_7C5EE,,video95_03
$07C62E,randomd0s,sub_7C62E,,video95_03
$07C63A,randomd0,sub_7C63A,,video95_03
$07C672,GetHot,sub_7C672,,video95_03
$07C6BE,vcountwait,sub_7C6BE,,video95_03
$07C6D4,printz2,sub_7C6D4,,video95_03
$07C6E6,printsmall,sub_7C6E6,,video95_03
$07C772,ControlCodeJumpTable,unk_7C772,,video95_03
$07C796,ControlCode_SetMapAndPosition,,,video95_03
$07C7A6,ControlCode_SetMap,,,video95_03
$07C7BA,ControlCode_SetAttribute,,,video95_03
$07C7CA,ControlCode_SetX,,,video95_03
$07C7D8,ControlCode_SetY,,,video95_03
$07C7E6,ControlCode_AddX,,,video95_03
$07C7F4,ControlCode_AddY,,,video95_03
$07C802,ControlCode_SetFont,,,video95_03
$07C80E,ControlCode_None,,,video95_03
$07C810,printz,sub_7C810,,video95_03
$07C822,print,sub_7C822,,video95_03
$07C8CC,eraser,sub_7C8CC,,video95_03
$07C90A,showclock,sub_7C90A,,video95_03
$07C994,PutClockDigit,sub_7C994,,video95_03
$07C9D0,showclockdma,loc_7C9D0,,video95_03
$07CA66,ClockDigitChar,sub_7CA66,,video95_03
$07CA7E,PerLabels,unk_7CA7E,,video95_03
$07CA92,PenShotPenalties2,unk_7CA92,,video95_03
$07CAA6,makepde,sub_7CAA6,,video95_03
$07CAD0,getpde,sub_7CAD0,,video95_03
$07CAF0,loadTeamStruct,sub_7CAF0,,video95_03
$07CB0A,ReadGoaliePulled,sub_7CB0A,,video95_03
$07CB2E,PrintListItem,sub_7CB2E,,video95_03
$07CB38,PrintSmallListItem,sub_7CB38,,video95_03
$07CB42,SkipStrings,sub_7CB42,,video95_03
$07CB4E,ReadAttributeNibble,sub_7CB4E,,video95_03
$07CB60,ReadAttributeNibbleD7,sub_7CB60,,video95_03
$07CBB6,GetDefenseStartD7,sub_7CBB6,,video95_03
$07CBC8,GetDefenseStart,,,video95_03
$07CC08,ProcessNibbleD7,sub_7CC08,,video95_03
$07CC12,GetForwards,,,video95_03
$07CC24,ProcessNibbleSeason,loc_7CC24,,video95_03
$07CC46,ProcessNibble,,,video95_03
$07CC62,GetTempPlayerName,,,video95_03
$07CC84,getnameD7,,,video95_03
$07CC90,getname,sub_7CC90,,video95_03
$07CC9C,getnamebody,,,video95_03
$07CCD2,GetTempPlayerNameAttrib,sub_7CCD2,,video95_03
$07CCF4,FormatPlayerInitialD7,sub_7CCF4,,video95_03
$07CD2C,FormatPlayerNameWithAttribD7,sub_7CD2C,,video95_03
$07CD38,FormatPlayerNameWithAttrib,sub_7CD38,,video95_03
$07CD44,NameWithAttrib,loc_7CD44,,video95_03
$07CD82,FormatPlayerNameD7,sub_7CD82,,video95_03
$07CDC2,FormatPlayerName,sub_7CDC2,,video95_03
$07CE06,FormatPlayerNameLast,,,video95_03
$07CE16,FormatPlayerNameShort,,,video95_03
$07CE26,FormatLastName,,,video95_03
$07CE56,FormatFirstNameD7,sub_7CE56,,video95_03
$07CE76,FormatLastNameAlt,,,video95_03
$07CE8E,FormatLastNameD7,sub_7CE8E,,video95_03
$07CE96,formatlastbody,,,video95_03
$07CEBE,FinalizeTextBuffer,sub_7CEBE,,video95_03
$07CED8,getplayernameD7,sub_7CED8,,video95_03
$07CEE0,getplayername,sub_7CEE0,,video95_03
$07CEE8,getnamea0,loc_7CEE8,,video95_03
$07CEF6,d0toascii,sub_7CEF6,,video95_03
$07CF16,CalcAttrib,sub_7CF16,,video95_03
$07CF78,CalcAttribRating,sub_7CF78,,video95_03
$07D08C,OvrPlayerWgtList,unk_7D08C,,video95_03
$07D09C,OvrGoalWgtList,unk_7D09C,,video95_03
$07D0AC,AttribWgtList,unk_7D0AC,,video95_03
$07D0BC,PushTime,sub_7D0BC,,video95_03
$07D120,PushNumber,sub_7D120,,video95_03
$07D154,PushNumberWidth,sub_7D154,,video95_03
$07D1B0,PushNumberWidthZero,,,video95_03
$07D20C,appendz,sub_7D20C,,video95_03
$07D214,appstring,sub_7D214,,video95_03
$07D258,ScaleAttrib,sub_7D258,,video95_03
$07D268,PutTeamBlock,sub_7D268,,video95_03
$07D2AE,setupTeamBlocksMap,sub_7D2AE,,video95_03
$07D314,CopyTeamBlockMapData,sub_7D314,,video95_03
$07D35E,DoDMA_nd2,sub_7D35E,,video95_03
$07D3EA,GetTeamLogo,,,video95_03
$07D3F8,TeamLogoBitmaps,unk_7D3F8,,video95_03
$07D468,DrawTeamLogo,,,video95_03
$07D4A0,ResetClock,sub_7D4A0,,video95_03
$07D4CA,GetPeriodTime,sub_7D4CA,,video95_03
$07D4E2,ClrHor,,,video95_03
$07D540,AssignPads,,,video95_03
$07D6F0,SetRinkPalette,sub_7D6F0,,video95_03
$07D706,waitx,sub_7D706,,video95_03
$07D762,GetPeriodTimeRemaining,sub_7D762,,video95_03
$07D776,PrintScores1,sub_7D776,,video95_03
$07D822,PrintTeamNameAndScore,sub_7D822,,video95_03
$07D844,ReAddFramer,,,video95_03
$07D84E,ReAddSmallFont,,,video95_03
$07D858,AddFonts,sub_7D858,,video95_03
$07D884,chkpk,,,video95_03
$07D894,chkpk2,sub_7D894,,video95_03
$07D8B2,CheckNewCarrier,sub_7D8B2,,video95_03
$07D8D2,printbigz,sub_7D8D2,,video95_03
$07D8E4,printbigz2,,,video95_03
$07D8F6,printbigz1,sub_7D8F6,,video95_03
$07D908,printbig1,sub_7D908,,video95_03
$07D916,printbig,sub_7D916,,video95_03
$07D924,printbig2,,,video95_03
$07D92E,printbigtext,loc_7D92E,,video95_03
$07D9C8,PrintBigChar,sub_7D9C8,,video95_03
$07DA12,PutBigTile,sub_7DA12,,video95_03
$07DA3C,bfasciicon,unk_7DA3C,,video95_03
$07DA78,UnpackPicture,sub_7DA78,,video95_03
$07DB40,UpdateLineChange,sub_7DB40,,video95_03
$07DB7C,RestoreTeamEnergy,,,video95_03
$07DBA2,ResetTeamEnergy,sub_7DBA2,,video95_03
$07DBCA,setpde,sub_7DBCA,,video95_03
$07DBD8,SeasonPlayerOut,sub_7DBD8,,video95_03
$07DC0A,WeightedRandomSelect,loc_7DC0A,,video95_03
$07DC36,AppendTeamName,,,video95_03
$07DC62,StartText,,,video95_03
$07DC76,AppendUserName,,,video95_03
$07DCDE,NoNameTxt,,,video95_03
$07DCE0,TrimSpaces,,,video95_03
$07DD06,setupice,sub_7DD06,,video95_03
$07DEA0,LoadHomeTeamGfx,sub_7DEA0,,fourway95
$07DEC2,TeamGfxList,unk_7DEC2,,fourway95
$07DF32,EASNLogo,sub_7DF32,,fourway95
$07DF6A,setupEASNmap,sub_7DF6A,,fourway95
$07DF7C,FormatAndPrintTime,,,fourway95
$07DF9C,PeriodLabelTable,,,fourway95
$07DFAC,AnyPadAssigned,sub_7DFAC,,fourway95
$07DFC6,Detect4WayPlay,sub_7DFC6,,fourway95
$07E02E,Read4WayPad1,,,fourway95
$07E04A,Read4WayPad2,,,fourway95
$07E066,Read4WayPad3,,,fourway95
$07E082,Read4WayPad4,,,fourway95
$07E09E,Read4WayPort1,,,fourway95
$07E0BC,Read4WayPort2,,,fourway95
$07E0DA,ReadJoyJmp,,,fourway95
$07E0E0,Z80_Program_Code,,,sound95_02
$07E36C,Pausemode,sub_7E36C,,hockey95_02
$07E4C8,SetupPauseScreen,unk_7E4C8,,hockey95_02
$07E4D6,seta2,sub_7E4D6,,menu95
$07E526,InitMenuState,sub_7E526,,menu95
$07E536,DrawMenuScreen,loc_7E536,,menu95
$07E540,RedrawMenu,,,menu95
$07E560,HandleMenuInput,sub_7E560,,menu95
$07E6CA,SetPauseMenuItems,sub_7E6CA,,menu95
$07E748,SetStatsMenuItems,sub_7E748,,menu95
$07E7B4,SetInfoMenuItems,sub_7E7B4,,menu95
$07E7F0,startpause,loc_7E7F0,,menu95
$07E7F8,startpause1,loc_7E7F8,,menu95
$07E7FE,startpause2,loc_7E7FE,,menu95
$07E806,startpause3,loc_7E806,,menu95
$07E80E,startpause4,loc_7E80E,,menu95
$07E816,PauseScreenDraw,,,menu95
$07EAC8,ShowPenaltyBoxes,sub_7EAC8,,menu95
$07EAFE,ShowPenaltyBox,sub_7EAFE,,menu95
$07EB34,ListPenaltyBox,,,menu95
$07EB50,ShowPenaltyBoxPlayer,sub_7EB50,,menu95
$07EBBC,rtsmenu,locret_7EBBC,,menu95
$07EBBE,RestoreGameScreen,sub_7EBBE,,menu95
$07ED5A,ClearOldFrames,sub_7ED5A,,menu95
$07EDAC,SetMenuPrintX,sub_7EDAC,,menu95
$07EDB4,UpdateMenuSelection,sub_7EDB4,,menu95
$07EF38,PrintMenuItem,sub_7EF38,,menu95
$07F020,ClearMenuBox,sub_7F020,,menu95
$07F03C,DrawMenuInfo,loc_7F03C,,menu95
$07F086,MenuInfoList,unk_7F086,,menu95
$07F08E,PauseInfo,,,menu95
$07F0C8,PauseInfoText,,,menu95
$07F104,PrintLines,,,menu95
$07F118,ShowPenaltyMessages,sub_7F118,,menu95
$07F248,SelectInfoTab,sub_7F248,,menu95
$07F26E,ClearInfoTab,sub_7F26E,,menu95
$07F28C,SelectStatsTab,sub_7F28C,,menu95
$07F2B0,ClearStatsTab,sub_7F2B0,,menu95
$07F2CE,SelectPauseTab,sub_7F2CE,,menu95
$07F2F0,ClearPauseTab,sub_7F2F0,,menu95
$07F30E,DrawTabSelected,sub_7F30E,,menu95
$07F33A,DrawTab,sub_7F33A,,menu95
$07F368,InfoMenus,unk_7F368,,menu95
$07F48A,StatsMenus,unk_7F48A,,menu95
$07F60C,PauseMenus,unk_7F60C,,menu95
$07F958,AbortGame,,,menu95
$07F976,PlayGame,,,menu95
$07F97E,ManualGoalieMenu,,,checks95_01
$07FA66,SelectGoalieMenu,,,checks95_01
$07FB04,DisplayPlayerSelectMenu,,,checks95_01
$07FB94,TimeoutMenu,,,checks95_01
$07FC04,PauseScores,,,checks95_01
$07FC7E,PutScoreDigit,,,checks95_01
$07FCBA,SetMenuPadSide,sub_7FCBA,,checks95_01
$07FCEC,padteams,unk_7FCEC,,checks95_01
$07FCFC,asstab,unk_7FCFC,,checks95_01
$07FD84,doassignment,sub_7FD84,,checks95_01
$07FDA4,assgoaliecpu,,,checks95_01
$07FDAE,checkanim,,,checks95_01
$0803FC,ClampYPosition,,,checks95_01
$080426,AdjustFacingDirection,sub_80426,,checks95_01
$080478,goaliesave,sub_80478,,checks95_01
$080742,saveanim,unk_80742,,checks95_01
$080756,assgoalietopuck,,,checks95_01
$0807EC,assdefd,,,assign95_01
$0809FC,rtss21,,,assign95_01
$0809FE,asswingd,,,assign95_01
$080BEA,asswingo,,,checks95_02
$080D62,rtss11,,,checks95_02
$080D64,asscenterd,,,checks95_02
$080EF2,asscentero,,,checks95_02
$081024,assdefo,,,checks95_02
$081202,assnothing,,,checks95_02
$08121E,assfight,,,checks95_02
$081220,pucknorm,,,checks95_02
$08130C,puckunflip,,,checks95_02
$081336,puckflip,sub_81336,,checks95_02
$081352,puckshadow,,,checks95_02
$0813A0,findpc,,,checks95_02
$08142C,a2touchpuck,,,checks95_02
$081540,Setplass,sub_81540,,checks95_02
$08155E,assexit,sub_8155E,,checks95_02
$081570,assinsert,sub_81570,,checks95_02
$08157A,assreplace,sub_8157A,,checks95_02
$08158E,EvadePC,,,checks95_02
$08162A,rtsskateto,,,checks95_02
$08162C,skateto,,,checks95_02
$0816FA,check4check,,,checks95_02
$08180E,check4check2,,,checks95_02
$081958,asspassrec,,,checks95_02
$081A48,SkateToTempTarget,,,checks95_02
$081A5A,rtss6,,,checks95_02
$081A5C,rtsskate,locret_81A5C,,checks95_02
$081A5E,assbreakaway,,,checks95_02
$081A84,assnearest,,,checks95_02
$081E44,skatetopuckinit,,,checks95_02
$081E5E,skatetopuck,,,checks95_02
$081F12,avdgoal,,,checks95_02
$082012,breakaway,,,checks95_02
$082078,BreakawayOffsidesFlagSet,,,checks95_02
$08213C,chkpuckc,,,checks95_02
$082166,asspuckc,,,checks95_02
$082460,chk4shot,,,checks95_02
$082638,chk4pass,,,checks95_02
$082790,check4bench,,,checks95_02
$08282E,assbench,,,assign95_02
$0829A4,rtss4,,,assign95_02
$0829A6,asspenalty,,,assign95_02
$082B0A,assdopen,,,assign95_02
$082B3E,assepen,,,assign95_02
$082BD0,assonetimer,,,onetimer95
$082E4E,setonetimeranim,,,onetimer95
$082E88,PuckOnAttackHalf,sub_82E88,,onetimer95
$082EFE,onetimershot,,,onetimer95
$082F60,EndOneTimer,sub_82F60,,onetimer95
$082FB2,CheckOneTimerFacing,,,onetimer95
$082FC2,assshoot,,,checks95_08
$082FFA,assgoaliectrl,,,checks95_03
$083152,a2offsides,,,checks95_03
$0831AC,asseben,,,checks95_03
$083220,assdefdchase,,,checks95_03
$0833FE,setSlotBit,sub_833FE,,checks95_03
$083452,assscore,,,checks95_03
$08356C,assgoaliebreakwait,,,checks95_03
$0835C6,ChkGoalies,sub_835C6,,checks95_03
$08362E,ReturnGoalies,,,checks95_03
$083662,CPgoalie,loc_83662,,checks95_03
$0836AC,PuckcIsGoalie,,,collide95_02
$0836CC,SetPersonel,sub_836CC,,collide95_02
$083786,SetPlList,sub_83786,,collide95_02
$083846,TryAddPlayerToList,sub_83846,,collide95_02
$083880,forcepldata,,,collide95_02
$0838F2,GetPlayerCount,sub_838F2,,collide95_02
$083904,GetPlayerCountD7,sub_83904,,collide95_02
$083960,setplayer,sub_83960,,collide95_02
$083C88,ClampNibble,sub_83C88,,collide95_02
$083C9E,StickHandTable,unk_83C9E,,collide95_02
$083CB6,BoostAttribute,sub_83CB6,,collide95_02
$083CDE,AttributeCalc,sub_83CDE,,collide95_02
$083D3E,restoreteams,sub_83D3E,,collide95_02
$083D5E,ResetBench,sub_83D5E,,collide95_02
$083DC2,resetplstuff,,,collide95_02
$083E16,priolist,unk_83E16,,collide95_02
$083E1E,sublist,unk_83E1E,,collide95_02
$083E88,Create_HotCold_Table,sub_83E88,,collide95_02
$083E90,HotColdLoop,loc_83E90,,collide95_02
$083EB2,doinput,sub_83EB2,,input95_01
$0843F0,doinput_islocked,loc_843F0,,input95_01
$084468,rtss7,locret_84468,,input95_01
$08446A,faceoffinput,loc_8446A,,input95_01
$0844C0,setpassmode,loc_844C0,,input95_01
$0844D2,rtss,locret_844D2,,input95_01
$0844D4,passmode,loc_844D4,,input95_01
$0844F8,dopass,loc_844F8,,input95_01
$08471A,passtoa0,sub_8471A,,input95_01
$084850,OneTimerTarget,sub_84850,,input95_01
$08494A,OneTimerNearTbl,unk_8494A,,input95_01
$08496A,OneTimerFarTbl,unk_8496A,,input95_01
$08498A,OneTimerGoalieTbl,unk_8498A,,input95_01
$0849AA,OneTimerPass,sub_849AA,,input95_01
$084A16,Findhittype,sub_84A16,,input95_01
$084A36,SetShotMode,loc_84A36,,input95_01
$084AD0,ShotMode,loc_84AD0,,input95_01
$084B20,prepshot,loc_84B20,,input95_01
$084B6E,doshot,loc_84B6E,,input95_01
$084E16,shotsets,unk_84E16,,input95_01
$084E3A,shotdiradj,sub_84E3A,,input95_01
$084F1A,shotdirmath,sub_84F1A,,input95_01
$084F2C,puckvzadj,,,input95_01
$084FB6,compshoot,,,input95_01
$084FE8,TeamRosterScreen,sub_84FE8,,data95_01
$0851E0,DisplayPlayerList,sub_851E0,,data95_01
$08535E,PrintPlayerLines,sub_8535E,,data95_01
$085438,PlayerStatMenuTxt,unk_85438,,data95_01
$08546E,ExitAttributeScreen2,loc_8546E,,data95_01
$08547A,getNameandAttrib,sub_8547A,,data95_01
$0854BE,attribjmp,off_854BE,,data95_01
$0854CA,AttribStatus,loc_854CA,,data95_01
$08554C,StatusTextTbl,unk_8554C,,data95_01
$085580,InjuryGamesTbl,unk_85580,,data95_01
$0855E4,AttribEnergy,loc_855E4,,data95_01
$0855FE,AttribFighting,loc_855FE,,data95_01
$085604,AttribRating,loc_85604,,data95_01
$08562A,AttribPrintPct,loc_8562A,,data95_01
$085646,AttribHanded,loc_85646,,data95_01
$085654,HandedTextTbl,unk_85654,,data95_01
$085668,AttribWeight,loc_85668,,data95_01
$08568A,DrawTeamScreen,sub_8568A,,data95_01
$0857CC,FindPlayerLine,sub_857CC,,data95_01
$085804,LoadRosterFont,sub_85804,,data95_01
$08581E,PAttribColumns,unk_8581E,,data95_01
$085834,PAttribOverall,unk_85834,,data95_01
$085846,PAttribOverallMask,dword_85846,,data95_01
$085980,GAttribColumns,unk_85980,,data95_01
$085996,GAttribOverall,unk_85996,,data95_01
$0859A8,GAttribOverallMask,dword_859A8,,data95_01
$085A8A,PlayerPositionText,unk_85A8A,,data95_01
$085A9E,GameSetUp,sub_85A9E,,data95_01
$085D8C,GameSetUp_2,sub_85D8C,,data95_01
$085EAA,OptionLimits,unk_85EAA,,data95_01
$085EB2,WrapOptionUp,sub_85EB2,,data95_01
$085ECC,WrapOptionDown,sub_85ECC,,data95_01
$085EE6,MoveMenuFrame,sub_85EE6,,data95_01
$085F2E,FixModeOptions,sub_85F2E,,data95_01
$086360,EraseCardText,sub_86360,,data95_01
$0863A6,PrintOptions,sub_863A6,,data95_01
$086454,ScrollDownTxt,unk_86454,,data95_01
$086458,ScrollClearTxt,unk_86458,,data95_01
$08645C,ScrollUpTxt,unk_8645C,,data95_01
$086460,GameSetUp_4,sub_86460,,data95_01
$086578,IslandersTxt,unk_86578,,data95_01
$08658C,RangersTxt,unk_8658C,,data95_01
$0865A0,BlankValueTxt,unk_865A0,,data95_01
$0865B6,NATxt,unk_865B6,,data95_01
$0865CC,PrintOptionName,sub_865CC,,data95_01
$086646,BlankNameTxt,unk_86646,,data95_01
$086656,PrintSetupText,sub_86656,,data95_01
$08669A,PrintSetupTextHi,sub_8669A,,data95_01
$0866DE,DefaultMenus,sub_866DE,,data95_01
$086700,defmenuoptions,unk_86700,,data95_01
$086712,GetSetupValues,sub_86712,,data95_01
$08676A,ModeToSetupMode,unk_8676A,,data95_01
$086770,SetupStart,sub_86770,,data95_01
$086938,SetupModeToMode,unk_86938,,data95_01
$086946,setoptions,sub_86946,,data95_01
$086A48,LoadSetupTiles,sub_86A48,,data95_01
$086A58,FigureJoy,sub_86A58,,data95_01
$086BCC,NOPJoyTbl,unk_86BCC,,data95_01
$086BE8,OptionNames,unk_86BE8,,data95_01
$086C68,OptionValueOffsets,unk_86C68,,data95_01
$086EC6,DrawMatchupBitmaps,sub_86EC6,,data95_01
$086F66,DrawTeamBitmap,sub_86F66,,data95_01
$086F88,UpdateSetupLogos,sub_86F88,,data95_01
$087054,DrawHomeBlock,sub_87054,,data95_01
$08709E,DrawVisBlock,sub_8709E,,data95_01
$0870E4,DrawSetupLogo,loc_870E4,,data95_01
$087174,PlayerCardTimer,sub_87174,,data95_01
$08737A,ResetCardTimer,sub_8737A,,data95_01
$08738C,GetBlankChar,sub_8738C,,data95_01
$087396,EraseCard,sub_87396,,data95_01
$0873E2,ClearLogoPalettes,sub_873E2,,data95_01
$087402,StepSeasonTeam,sub_87402,,data95_01
$08743C,SetPojoyMode,sub_8743C,,data95_01
$087468,InitializeGameStructures,sub_87468,,data95_01
$087498,OptionRNG,sub_87498,,data95_01
$0874A6,ReadPassBits,sub_874A6,,data95_01
$08756E,EncodePW,sub_8756E,,data95_01
$087604,WritePassBits,sub_87604,,data95_01
$087668,PushBits,sub_87668,,data95_01
$087680,ClrPassBits,sub_87680,,data95_01
$08768C,SuperAdd,sub_8768C,,data95_01
$0876A8,SuperMult,sub_876A8,,data95_01
$0876DE,SuperDiv,sub_876DE,,data95_01
$0876FC,GetShifter,sub_876FC,,data95_01
$087714,AddPOStats,sub_87714,,data95_01
$0877A8,BitWidthTable,unk_877A8,,data95_01
$0877AC,ReadTeamStats,sub_877AC,,data95_01
$0877F2,ResolveGames,sub_877F2,,data95_01
$08797C,ContinuePlayoffs,sub_8797C,,data95_01
$0879F2,NewPO,sub_879F2,,data95_01
$087A5E,MakeTree,sub_87A5E,,data95_01
$087AE2,SetTreeGameTeams,sub_87AE2,,data95_01
$087B20,CheckPlayoffsStarted,sub_87B20,,data95_01
$087B30,ReadLineData,sub_87B30,,data95_01
$087B66,WriteLineData,sub_87B66,,data95_01
$087BA0,rtsLineData,locret_87BA0,,data95_01
$087BA2,PlayoffScreen,sub_87BA2,,setup95_02
$087E34,HandlePlayoffInput,sub_87E34,,setup95_02
$087E78,UpdatePlayoffScroll,sub_87E78,,setup95_02
$087EDA,PlayoffScreenExit,loc_87EDA,,setup95_02
$087EDE,PlayoffScreen_waitvsync,sub_87EDE,,setup95_02
$087F02,FormatScore,sub_87F02,,setup95_02
$087F2E,DrawPlayoffBracket,sub_87F2E,,setup95_02
$087F5C,DrawTeamBlocks,sub_87F5C,,setup95_02
$087FAA,PlayoffScreenDataTable,unk_87FAA,,setup95_02
$087FFC,PlayoffScreenText,unk_87FFC,,setup95_02
$088046,PlayoffTreeSetup,unk_88046,,checks95_04
$0881B0,DrawPlayoffSprite,sub_881B0,,checks95_04
$08821A,SetSframe,sub_8821A,,checks95_04
$08827C,UpdateScores,sub_8827C,,checks95_04
$0882B4,SetScore,sub_882B4,,checks95_04
$088378,sctab,unk_88378,,checks95_04
$0883B8,ClearShotData,sub_883B8,,checks95_04
$0883C8,puckfaceoff,,,checks95_04
$088572,SetFaceoffComputerLine,,,checks95_04
$0885BE,StartFaceoffLineChange,,,checks95_04
$088608,rtsfaceoff,locret_88608,,checks95_04
$08860A,WaitForFaceoffLineChanges,,,checks95_04
$088654,UpdateFaceoffLineChangeTimer,,,checks95_04
$0886AE,puckfaceoff2,,,checks95_04
$088AF6,assfaceoff,,,checks95_04
$088B0C,assfaceoffp1,,,checks95_04
$088BBA,updatefaceoff,,,checks95_04
$088C3C,Endfaceoff,,,checks95_04
$088D52,checkfo,sub_88D52,,checks95_04
$088E42,DrawFaceoffWindow,sub_88E42,,checks95_04
$088F06,limitfo,sub_88F06,,penalty95
$088F70,LeadSong,,,penalty95
$08900A,ClearLeadSong,,,penalty95
$089012,LeadSongExit,,,penalty95
$08901C,Stop4Pen,sub_8901C,,penalty95
$08913E,rtspen,locret_8913E,,penalty95
$089140,AddPenalty,sub_89140,,penalty95
$08916E,AddPenalty2,sub_8916E,,penalty95
$0891FE,PenaltyManager,sub_891FE,,penalty95
$08920E,chkprogress,sub_8920E,,penalty95
$089332,InProgress,loc_89332,,penalty95
$089514,coinsearch,sub_89514,,penalty95
$08954E,updatepentime,sub_8954E,,penalty95
$08958A,ProcessPenaltyList,sub_8958A,,penalty95
$08962C,RemovePlayerFromList,sub_8962C,,penalty95
$08963C,releasepl,sub_8963C,,penalty95
$08969A,checkfornewpen,sub_8969A,,penalty95
$089728,UpdatePA,sub_89728,,penalty95
$08975E,SetPA,sub_8975E,,penalty95
$0897B2,SetPA2,sub_897B2,,penalty95
$089820,PushRef,sub_89820,,penalty95
$089898,prefmes,sub_89898,,penalty95
$08994A,PrintPenaltyMessagesString,,,penalty95
$08996E,checkagr,sub_8996E,,data95_02
$089A2E,showref,sub_89A2E,,data95_02
$089A7C,ClearPenaltyBuffer,sub_89A7C,,data95_02
$089A8A,ClearPenalties,sub_89A8A,,data95_02
$089AC4,clrTmPdst,sub_89AC4,,data95_02
$089ADA,puckIChk,,,data95_02
$089B3A,ChkOffsides,,,data95_02
$089C2E,PenaltyList,,PenaltyNames,data95_02
$089C2E,PenaltyNames,unk_89C2E,,data95_02
$089F5C,checkob,sub_89F5C,,data95_02
$089FFC,PenShotPenalties,unk_89FFC,,data95_02
$08A02C,linelist,unk_8A02C,,data95_02
$08A056,SetLCmode,loc_8A056,,input95_02
$08A094,SetLCmode2,sub_8A094,,input95_02
$08A13A,setlccords,sub_8A13A,,input95_02
$08A17E,getlchoice,sub_8A17E,,input95_02
$08A192,getlchoice2,loc_8A192,,input95_02
$08A202,lineinput,loc_8A202,,input95_02
$08A2CA,lcfound,loc_8A2CA,,input95_02
$08A2FC,lcfound2,sub_8A2FC,,input95_02
$08A330,rtslc,locret_8A330,,input95_02
$08A332,linebar,sub_8A332,,input95_02
$08A382,getlinee,sub_8A382,,input95_02
$08A3C4,AvgCline,,,input95_02
$08A3FE,CompLine,,,checks95_05
$08A4FC,AutoLineChange,,,checks95_05
$08A572,SetupTeamForIntermission,sub_8A572,,checks95_05
$08A584,SetupTeamLine,sub_8A584,,checks95_05
$08A5B6,ReadTeamSRAM,,,checks95_05
$08A5D8,DefaultLineData,sub_8A5D8,,checks95_05
$08A622,LoadTeamLines,loc_8A622,,checks95_05
$08A6CE,FixSavedLines,,,checks95_05
$08A79A,CheckSavedLines,sub_8A79A,,checks95_05
$08A7B4,CheckTeamLines,sub_8A7B4,,checks95_05
$08A838,LineSlotFixTbl,unk_8A838,,checks95_05
$08AAC8,EASportsScreen,sub_8AAC8,,checks95_05
$08AB7E,chkatop,sub_8AB7E,,checks95_05
$08ABB4,updatePPTeamTime,sub_8ABB4,,checks95_05
$08ABDA,ChkShotStat,sub_8ABDA,,checks95_05
$08ACEC,DrawTeamScreen2,sub_8ACEC,,checks95_05
$08AE80,DrawTeamScreen3,,,checks95_05
$08B014,DrawTeamScreen4NoSetup,,,checks95_05
$08B01C,DrawTeamScreen4,,,checks95_05
$08B092,DrawTeamScreen4Body,,,checks95_05
$08B1AC,DrawTeamScreen5,,,checks95_05
$08B32A,DrawTeamScreen6,,,checks95_05
$08B4E0,goalieacc,loc_8B4E0,,checks95_05
$08B6F8,doinput_goaliedive,loc_8B6F8,,checks95_05
$08B732,rtss15,locret_8B732,,checks95_05
$08B734,doinput_cbut,loc_8B734,,input95_03
$08B890,ClampTargetY,sub_8B890,,input95_03
$08B8CE,doinput_chkanim,loc_8B8CE,,input95_03
$08B974,FindGoalie,sub_8B974,,input95_03
$08B974,getGoalieSCnum,,FindGoalie,input95_03
$08B9A8,GoalieReadySPA,sub_8B9A8,,checks95_06
$08B9D6,dirtab,unk_8B9D6,,checks95_06
$08B9FA,dirtab2,,,checks95_06
$08BA1E,MaxSpeed,unk_8BA1E,,checks95_06
$08BA5E,dostop,loc_8BA5E,,checks95_06
$08BB1A,stopna,sub_8BB1A,,checks95_06
$08BB6C,updatevel,sub_8BB6C,,checks95_06
$08BC9A,SetSPA,sub_8BC9A,,checks95_06
$08BCB0,stopna2,sub_8BCB0,,checks95_06
$08BCFA,doplayeracc,loc_8BCFA,,checks95_06
$08BF92,noturn0,loc_8BF92,,checks95_06
$08C078,noturn,loc_8C078,,checks95_06
$08C086,playeracc,loc_8C086,,checks95_06
$08C1FA,PlaceBoardFall,sub_8C1FA,,checks95_06
$08C304,Goal,loc_8C304,,checks95_06
$08C5DC,AssignTeam,sub_8C5DC,,checks95_06
$08C61C,rtsgoal,locret_8C61C,,checks95_06
$08C61E,PenGoalStuff,sub_8C61E,,checks95_06
$08C694,box,sub_8C694,,checks95_06
$08C6B0,DisplayPlayerAttributeMenu,loc_8C6B0,,checks95_06
$08C83A,GoalBigTxt,unk_8C83A,,checks95_06
$08C85A,PPGoalBigTxt,unk_8C85A,,checks95_06
$08C87C,PrintPlayerAssists,sub_8C87C,,checks95_06
$08C892,PrintPlayerGoals,sub_8C892,,checks95_06
$08C8A4,PrintParenNumber,loc_8C8A4,,checks95_06
$08C8EC,LockScroll,sub_8C8EC,,checks95_06
$08C900,checkwindow,sub_8C900,,checks95_06
$08CA38,SetGoaliesCtl,,,checks95_06
$08CAB8,GoalieCtlLimits,unk_8CAB8,,checks95_06
$08CABE,GetGoalieCtl,sub_8CABE,,checks95_06
$08CADE,PracticeGoalies,sub_8CADE,,checks95_06
$08CB5A,PeriodOver,,,checks95_06
$08CBC2,clockcont_0,loc_8CBC2,,checks95_06
$08CCE6,GameOver,loc_8CCE6,,checks95_06
$08CD02,ExitToOpening,loc_8CD02,,checks95_06
$08CD08,clockcont,sub_8CD08,,checks95_06
$08CD3C,SetContTeams,sub_8CD3C,,checks95_06
$08CED4,ContTeamOrder1,unk_8CED4,,checks95_06
$08CED8,ContTeamOrder2,unk_8CED8,,checks95_06
$08CEDC,PrintPracticeGoalies,sub_8CEDC,,checks95_06
$08CF28,PrintGoalieCount,sub_8CF28,,checks95_06
$08CF3C,GoalieCountTxt,unk_8CF3C,,checks95_06
$08CF48,PracticeGoalieTbl,unk_8CF48,,checks95_06
$08CF58,DrawPadSetup,sub_8CF58,,checks95_06
$08CFF2,DrawPadIcon,sub_8CFF2,,checks95_06
$08D02C,PadIconMaps,unk_8D02C,,checks95_06
$08D03C,PadIconChars,unk_8D03C,,checks95_06
$08D04C,DrawPadCursor,sub_8D04C,,checks95_06
$08D090,BlankLineTxt,unk_8D090,,checks95_06
$08D0BC,PrintPracticeTitle,sub_8D0BC,,checks95_06
$08D0E2,PracticePlayersTxt,unk_8D0E2,,checks95_06
$08D11A,ControllerSetupScreen,sub_8D11A,,checks95_06
$08D2D0,DrawSetupTeamBlock,,,checks95_06
$08D300,PrintSetupStr,sub_8D300,,checks95_06
$08D322,PrintSetupStrHi,sub_8D322,,checks95_06
$08D344,ReadAllPads,sub_8D344,,checks95_06
$08D39A,chkcheckstart,sub_8D39A,,replay95
$08D452,CanCheckStart,sub_8D452,,replay95
$08D55E,updatereplay,sub_8D55E,,replay95
$08D666,rtss8,locret_8D666,,replay95
$08D668,ReplayMode,,,replay95
$08DB0A,ShowReplayIcon,,,replay95
$08DB40,EraseReplayIcon,,,replay95
$08DB5E,ShowReplayBanner,,,replay95
$08DB92,EraseReplayBanner,,,replay95
$08DBB0,suba4,,,replay95
$08DBE2,adda4,,,replay95
$08DCAA,adda42,,,replay95
$08DCB6,adda43,,,replay95
$08DCCA,rtsAdda4,,,replay95
$08DCCC,UpdateCameraPos,,,replay95
$08DD32,RevReplayAdj,,,replay95
$08DD42,RestoreReplayFrame,SetRCords,,replay95
$08DF1C,ClampReplayView,,,replay95
$08DF5A,demoread,sub_8DF5A,,season95
$08DFDA,HandleJoy1,sub_8DFDA,,season95
$08DFF6,rtsdemo,locret_8DFF6,,season95
$08DFF8,RandomSetupTeams,sub_8DFF8,,season95
$08E06E,SeasonMain,sub_8E06E,,season95
$08E228,ReadSeasonHeader,sub_8E228,,season95
$08E246,WriteSeasonHeader,sub_8E246,,season95
$08E26A,PickSeasonStartDay,sub_8E26A,,season95
$08E2AC,BuildSeasonTeamList,sub_8E2AC,,season95
$08E2BE,ReadDayGames,,,season95
$08E35E,WriteDayGames,sub_8E35E,,season95
$08E3FC,SkipToGameDay,sub_8E3FC,,season95
$08E416,DayHasGames,sub_8E416,,season95
$08E426,FindDayGames,sub_8E426,,season95
$08E492,PrevSeasonDay,sub_8E492,,season95
$08E4B2,NextSeasonDay,sub_8E4B2,,season95
$08E556,NextSeasonTeam,sub_8E556,,season95
$08E5A2,PrevSeasonTeam,sub_8E5A2,,season95
$08E602,SimDayGames,sub_8E602,,season95
$08E67E,SimGameStats,sub_8E67E,,season95
$08E77A,SimTeamTbl,unk_8E77A,,season95
$08E7AE,SimGoalieStats,sub_8E7AE,,season95
$08E7E0,SimGoalie,sub_8E7E0,,season95
$08E822,PickSimGoalie,sub_8E822,,season95
$08E842,SimScorers,sub_8E842,,season95
$08E8DE,SimAssists,sub_8E8DE,,season95
$08E932,PickAssist,sub_8E932,,season95
$08E96E,TeamScoring0,,,season95
$08E99C,TeamScoring1,,,season95
$08E9CC,TeamScoring2,,,season95
$08E9FC,TeamScoring3,,,season95
$08EA2C,TeamScoring4,,,season95
$08EA5C,TeamScoring5,,,season95
$08EA8C,TeamScoring6,,,season95
$08EABC,TeamScoring7,,,season95
$08EAEC,TeamScoring8,,,season95
$08EB1C,TeamScoring9,,,season95
$08EB4C,TeamScoring10,,,season95
$08EB7A,TeamScoring11,,,season95
$08EBAA,TeamScoring12,,,season95
$08EBDA,TeamScoring13,,,season95
$08EC0A,TeamScoring14,,,season95
$08EC3A,TeamScoring15,,,season95
$08EC6A,TeamScoring16,,,season95
$08EC9A,TeamScoring17,,,season95
$08ECCA,TeamScoring18,,,season95
$08ECFA,TeamScoring19,,,season95
$08ED28,TeamScoring20,,,season95
$08ED58,TeamScoring21,,,season95
$08ED84,TeamScoring22,,,season95
$08EDB4,TeamScoring23,,,season95
$08EDE4,TeamScoring25,,,season95
$08EE14,TeamScoring24,,,season95
$08EE44,TeamScoringTbls,unk_8EE44,,season95
$08EEAC,SimShots,sub_8EEAC,,season95
$08EEFC,SimShotsTbl,unk_8EEFC,,season95
$08EF2A,SeasonGameOver,sub_8EF2A,,season95
$08EFC0,AddSeasonGoals,sub_8EFC0,,season95
$08F00E,ClearSeasonData,sub_8F00E,,season95
$08F0C0,RecordGameResult,sub_8F0C0,,season95
$08F0DE,RecordTeamResult,sub_8F0DE,,season95
$08F16A,MakeDateString,sub_8F16A,,season95
$08F1E6,MonthNames,unk_8F1E6,,season95
$08F228,DayToDate,,,season95
$08F256,DateToDay,,,season95
$08F2B6,MonthDays,unk_8F2B6,,season95
$08F2BE,CountTeamGames,sub_8F2BE,,season95
$08F332,ReadStandings,sub_8F332,,season95
$08F35E,SimScore,sub_8F35E,,season95
$08F3E0,SimTieBreak,sub_8F3E0,,season95
$08F432,SimTeamGoals,sub_8F432,,season95
$08F488,ScaleSimScore,sub_8F488,,season95
$08F564,SeasonSetup,sub_8F564,,season95
$08F6A2,ReadAnyPad,sub_8F6A2,,season95
$08F722,StoreSeasonSetup,sub_8F722,,season95
$08F786,SeasonSetupCounts,unk_8F786,,season95
$08F78C,WrapSetupUp,sub_8F78C,,season95
$08F7A6,WrapSetupDown,sub_8F7A6,,season95
$08F7C0,SeasonSetupLines,sub_8F7C0,,season95
$08F7D4,SeasonSetupGfx,sub_8F7D4,,season95
$08F8A2,DrawSeasonSetup,sub_8F8A2,,season95
$08F8CE,PrintSetupValue,sub_8F8CE,,season95
$08F910,PrintSetupName,sub_8F910,,season95
$08F942,PrintOption,sub_8F942,,season95
$08F986,PrintOptionHi,sub_8F986,,season95
$08F9CA,SetupValueText,unk_8F9CA,,season95
$08FAD6,SetupNameText,unk_8FAD6,,season95
$08FB3C,SeasonSetupHelp,unk_8FB3C,,season95
$08FB7C,GamesToday,sub_8FB7C,,season95
$08FC02,GamesTodayLoop,loc_8FC02,,season95
$08FC74,GamesTodayLines,sub_8FC74,,season95
$08FCAC,GamesTodayNext,loc_8FCAC,,season95
$08FCE4,GamesTodayPrev,loc_8FCE4,,season95
$08FD2E,GamesTodayToggle,loc_8FD2E,,season95
$08FD70,GamesTodayUp,loc_8FD70,,season95
$08FDBA,GamesTodayDown,loc_8FDBA,,season95
$08FE10,GamesTodayExit,loc_8FE10,,season95
$08FE48,GamesTodayDone,loc_8FE48,,season95
$08FE4E,ReadAnyPad2,sub_8FE4E,,season95
$08FECA,PrintGamesToday,sub_8FECA,,season95
$08FEE2,PrintPreviousDay,sub_8FEE2,,season95
$08FEFC,DrawGamesToday,loc_8FEFC,,season95
$090102,PrintGameLine,sub_90102,,season95
$090134,PrintGameScore,sub_90134,,season95
$090160,DrawGameTeams,sub_90160,,season95
$0901DC,DrawGameUser,sub_901DC,,season95
$090274,CompText,unk_90274,,season95
$090278,HumanText,unk_90278,,season95
$09027C,DrawGameResult,sub_9027C,,season95
$09031A,DrawGameCursor,sub_9031A,,season95
$09034A,GameColsTbl1,unk_9034A,,season95
$09034D,GameColsTbl2,unk_9034D,,season95
$090350,GameColsTbl3,unk_90350,,season95
$090353,GameColsTbl4,unk_90353,,season95
$090359,GameColsTbl5,unk_90359,,season95
$09035C,GameColsTbl6,unk_9035C,,season95
$090360,GamesTodayGfx,sub_90360,,season95
$09048E,GamesTodayHelp,sub_9048E,,season95
$0904D2,SeasonOptions,sub_904D2,,season95
$090620,SeasonMenuJumps,unk_90620,,season95
$090648,SeasonEndMenuJumps,unk_90648,,season95
$090664,PlayoffMenuJumps,unk_90664,,season95
$090680,MenuEndSeason,,,season95
$090694,MenuLeagueLeaders,,,season95
$09069E,MenuPlayoffTeamStats,,,season95
$0906B4,MenuTeamStats,,,season95
$0906BE,MenuPlayoffPlayerStats,,,season95
$0906D4,MenuPlayerStats,,,season95
$0906DE,MenuHighlights,,,season95
$0906E8,MenuGamesToday,,,season95
$0906F2,MenuStandings,,,season95
$0906FC,MenuPlayoffTree,,,season95
$090706,MenuStay,,,season95
$09070C,MenuCalendar,,,season95
$090714,MenuPlayGames,,,season95
$090722,MenuPlayUntil,,,season95
$0909F8,AutoplayCancel,,,season95
$090A22,AutoplayMessage,,,season95
$090A98,PrintAutoplayDay,,,season95
$090AEC,ReadAnyPad3,sub_90AEC,,season95
$090B6C,DrawSeasonMenu,sub_90B6C,,season95
$090BD6,GetSeasonMenu,sub_90BD6,,season95
$090C1A,SeasonMenuText,unk_90C1A,,season95
$090D0C,SeasonEndMenuText,unk_90D0C,,season95
$090DB6,PlayoffMenuText,unk_90DB6,,season95
$090E60,SeasonOptionsGfx,sub_90E60,,season95
$090F76,PrintWait,,,season95
$090FD0,CalendarScreen,,,season95
$0910F8,ReadAnyPad4,,,season95
$091178,CalendarGfx,,,season95
$0912C4,CountSeasonMonths,,,season95
$0912F0,DrawCalendar,,,season95
$0914F4,CalendarFirstX,,,season95
$09150E,CalendarFirstXTbl,,,season95
$09151C,DrawCalendarTeam,,,season95
$09155C,DrawCalendarMonth,,,season95
$09159C,DrawCalendarDay,,,season95
$0915E4,DrawCalendarOpponent,,,season95
$091624,DrawCalendarResult,,,season95
$091662,CalendarFirstDay,,,season95
$091676,CalendarFirstDayTbl,,,season95
$091684,CalendarBg,,,season95
$0916B8,StandingsScreen,sub_916B8,,season95
$091798,ReadAnyPad5,sub_91798,,season95
$091818,SortStandings,sub_91818,,season95
$09188E,StandingsPoints,sub_9188E,,season95
$0918DA,StandingsGroups,sub_918DA,,season95
$091908,StandingsGroupTbl,unk_91908,,season95
$091918,StandingsGroup0,,,season95
$09191F,StandingsGroup1,,,season95
$091926,StandingsGroup2,,,season95
$09192E,StandingsGroup3,,,season95
$091936,StandingsGfx,sub_91936,,season95
$091A1C,DrawStandings,sub_91A1C,,season95
$091A86,PrintStandingsLine,sub_91A86,,season95
$091B6A,DrawStandingsLogo,sub_91B6A,,season95
$091B9A,StandingsTitles,unk_91B9A,,season95
$091C3A,PrintStandingsHelp,loc_91C3A,,season95
$091C80,SimGoalsHome,unk_91C80,,season95
$091D84,SimGoalsAwayDef,loc_91D84,,season95
$091E88,SimGoalsAway,,,season95
$091F8C,SimGoalsHomeDef,loc_91F8C,,season95
$092090,SimTieTbl,loc_92090,,season95
$0920DE,GameStatisticsScreen,,,period95
$09217E,StatScrollStep,sub_9217E,,period95
$0921CE,SetStatScroll,sub_921CE,,period95
$0921F6,StatScrollRow,sub_921F6,,period95
$092200,StatScrollRowEnd,sub_92200,,period95
$09220C,rtsStatScroll,locret_9220C,,period95
$09220E,PrintStatScrollArrows,loc_9220E,,period95
$092288,DisplayTeamStatsScreen,sub_92288,,period95
$092318,FormatStatValue,sub_92318,,period95
$09240E,TeamStatTextTbl,unk_9240E,,period95
$0924FC,TeamStatTextTblNoPen,unk_924FC,,period95
$0925AE,rtsStatTables,locret_925AE,,stats95_01
$0925B0,PlayerStatsScreen,,,stats95_01
$0925B2,DisplayAttributeScreen,,,stats95_01
$092724,UpdateAttributeScroll,,,stats95_01
$092778,SetAttribScrollReg,,,stats95_01
$09279E,rtsAttrib,,,stats95_01
$0927A0,DisplayAttributeLineUp,,,stats95_01
$0927AA,DisplayAttributeLineDown,,,stats95_01
$0927B6,DisplayAttributeMenu,,,stats95_01
$0928F6,DisplayAttributeEntry,,,stats95_01
$092A24,CheckAttributeValid,,,stats95_01
$092A48,GetAttributeValue2,,,stats95_01
$092A74,SkipAttribute,,,stats95_01
$092A7C,GetPlayoffAttribute,,,stats95_01
$092A90,GetStatsValue,,,stats95_01
$092AA8,StatsOffsetTbl2,,,stats95_01
$092ABC,AttributeOffsetTbl2,,,stats95_01
$092AD0,AttributeMenuTxt,,,stats95_01
$092B04,AttributeTitleTxt,,,stats95_01
$092B88,DrawScrollArrowsAttribute,,,stats95_01
$092BC4,ScrollArrowTbl2,,,stats95_01
$092BEC,InitSeasonStats,sub_92BEC,,stats95_01
$092CAE,SaveSimGame,sub_92CAE,,stats95_01
$092D86,AddTeamSeasonStats,sub_92D86,,stats95_01
$092DF0,AddPlayerSeasonStats,sub_92DF0,,stats95_01
$092F84,ReadStatBlock,sub_92F84,,stats95_01
$092FB0,WriteStatBlock,sub_92FB0,,stats95_01
$092FBA,SaveGameHighlights,sub_92FBA,,stats95_01
$093114,BestGoalieSaves,sub_93114,,stats95_01
$09315A,MostAssists,sub_9315A,,stats95_01
$09318C,MostGoals,sub_9318C,,stats95_01
$0931BE,AddHighlight,sub_931BE,,stats95_01
$093208,CompareHighlight,sub_93208,,stats95_01
$093224,rtsHighlight,locret_93224,,stats95_01
$093226,ReadTeamPlayerStats,sub_93226,,stats95_01
$0932F8,WriteTeamPlayerStats,sub_932F8,,stats95_01
$0933CA,ReadSeasonTeamRecord,,,stats95_01
$093430,MarkSeasonRosters,sub_93430,,stats95_01
$09348A,SeasonPlayerStats,,,stats95_01
$0934CC,SeasonPlayersScreen,,,stats95_01
$0934D6,SeasonPlayersRedraw,,,stats95_01
$0934D6,SeasonPlayersScreen.seasonPlayersRedraw,,SeasonPlayersRedraw,stats95_01
$09356E,SeasonAttributeScreen,,,stats95_01
$093598,SeasonAttributeDraw,,,stats95_01
$09370A,SeasonAttribScroll,,,stats95_01
$09375E,SeasonAttribScrollReg,,,stats95_01
$093784,rtsSeasonAttrib,,,stats95_01
$093786,SeasonAttribLineUp,,,stats95_01
$093790,SeasonAttribLineDown,,,stats95_01
$09379C,SeasonAttributeMenu,,,stats95_01
$0938D0,SeasonAttributeEntry,,,stats95_01
$093A02,SeasonCheckAttribute,,,stats95_01
$093A26,SeasonGetAttribute,,,stats95_01
$093A60,SeasonSkipAttribute,,,stats95_01
$093A68,SeasonAttributeOffsets,,,stats95_01
$093A7C,SeasonAttributeMenuTxt,,,stats95_01
$093AB8,SeasonAttributeTitleTxt,,,stats95_01
$093B3C,SeasonScrollArrows,,,stats95_01
$093B78,SeasonScrollArrowTbl,,,stats95_01
$093BA0,DrawTeamLogo1,,,stats95_01
$093BD2,SeasonTeamStats,,,stats95_01
$093C14,SeasonTeamsScreen,,,stats95_01
$093C1E,SeasonTeamStatsRun,,,stats95_01
$093D22,PrintSeasonTeamStats,,,stats95_01
$0940DE,DrawTeamLogo2,,,stats95_01
$094110,LeagueLeadersScreen,,,stats95_01
$0942A6,LeadersScrollArrows,,,stats95_01
$0942FC,PrintTeamCategory,,,stats95_01
$09432A,TeamCategoryText,,,stats95_01
$0943D2,PrintPlayerCategory,,,stats95_01
$0943F8,PlayerCategoryText,,,stats95_01
$094440,PrintLeadersHeader,,,stats95_01
$094472,LeaderModeText,,,stats95_01
$0944B0,ReadAnyPad6,,,stats95_01
$094528,ClearLeadersArea,,,stats95_01
$094558,BuildLeaders,,,stats95_01
$094576,TeamLeaderJumps,,,stats95_01
$094592,LeadersPoints,,,stats95_01
$0945DA,LeadersGoalsAvg,,,stats95_01
$094652,LeadersGoalsAllowed,,,stats95_01
$0946CC,LeadersField4,,,stats95_01
$094746,LeadersSavePct,,,stats95_01
$0947AC,LeadersShootPct,,,stats95_01
$094812,LeadersShotsAvg,,,stats95_01
$09488C,LeadersShotsAllowed,,,stats95_01
$094906,BuildLeadersDone,,,stats95_01
$09490C,SortLeadersDown,,,stats95_01
$094960,SortLeadersUp,,,stats95_01
$0949B4,BuildPlayerLeaders,,,stats95_01
$0949CA,BuildPlayerLeadersDone,,,stats95_01
$0949D0,PlayerLeaderJumps,,,stats95_01
$0949E0,PlayerLeadersGoals,,,stats95_01
$0949FE,PlayerLeadersAssists,,,stats95_01
$094A1C,PlayerLeadersPoints,,,stats95_01
$094A3A,PlayerLeadersGAA,,,stats95_01
$094A5A,GatherAndSort,,,stats95_01
$094A90,GatherAndSort.sortValuesDown,,SortValuesDown,stats95_01
$094A90,SortValuesDown,,,stats95_01
$094AE6,GatherAndSort.rtsSortValues,,rtsSortValues,stats95_01
$094AE6,rtsSortValues,,,stats95_01
$094AE8,GatherAndSort.sortValuesUp,,SortValuesUp,stats95_01
$094AE8,SortValuesUp,,,stats95_01
$094B3A,DrawLeaderRows,,,stats95_01
$094C00,LeaderPrintJumps,,,stats95_01
$094C1C,PrintLeaderNum,,,stats95_01
$094C2C,PrintLeaderAvg,,,stats95_01
$094C64,PrintLeaderPct,,,stats95_01
$094C76,DrawPlayerLeaderRows,,,stats95_01
$094DC8,rtsLeaderRows,,,stats95_01
$094DCA,LeaderTables,,,stats95_01
$094DE6,DrawTeamLogo3,,,stats95_01
$094E16,BlankLine40,,,stats95_01
$094E40,LeadersHelp,,,stats95_01
$094ED2,PeriodStatsScreen,,,stats95_01
$0950B8,PeriodStatsCaption,,,stats95_01
$09511C,PeriodStatsColumns,,,stats95_01
$095152,PeriodStatsTeam,,,stats95_01
$0951EE,PeriodStatsValue,,,stats95_01
$095220,LineEditor,,,stats95_01
$095248,LineEditorRedraw,,,stats95_01
$095254,LineEditorReturn,,,stats95_01
$09527A,LineEditorMenu,,,stats95_01
$0952F8,SelectAttributeItem,,,stats95_01
$095454,PrintAttribHeader,,,stats95_01
$095508,DrawAttributeMenu,,,stats95_01
$0955B6,AttributeMenuTable,,,stats95_01
$0955BE,DrawMenuIcon,,,stats95_01
$09565C,ClearAttributeArea,,,stats95_01
$0956C8,DrawLineEditorScreen,,,stats95_01
$09570C,ClearAttributeArea2,,,stats95_01
$095726,ClearMenuFlags,,,stats95_01
$095736,MenuIconPosTable,,,stats95_01
$095762,LineCursorTable,,,stats95_01
$0957AA,ExitAttributeScreen,,,stats95_01
$095998,LineEditorBg,,,stats95_01
$0959E4,PlayerSelectBg,,,stats95_01
$095A60,UpdatePlayerAttribute,,,stats95_01
$095A90,SaveTeamLines,,,stats95_01
$095ACA,CopyTeamLines,,,stats95_01
$095AE2,TeamLinesOffset,,,stats95_01
$095B1E,DisplayPeriodOver,sub_95B1E,,stats95_01
$095BEA,FindMaxAttributeTEam,sub_95BEA,,stats95_01
$095C2A,CalculateTeamAttributes,sub_95C2A,,stats95_01
$095C8A,CalculateTeamAttributeValues,sub_95C8A,,stats95_01
$095D28,HighlightsScreen,,,stats95_01
$095F06,ReadAnyPad7,,,stats95_01
$095F86,PrintHighlightsTitle,,,stats95_01
$095FA2,DrawHighlightPage,,,stats95_01
$096060,DrawHighlightEntry,,,stats95_01
$09608C,PrintStatHighlight,,,stats95_01
$09613C,AppendNumber,,,stats95_01
$096166,PrintHighlight,,,stats95_01
$0961F6,HighlightPlurals,,,stats95_01
$096206,HighlightSingulars,,,stats95_01
$096216,GoalsText,,,stats95_01
$096220,AssistsText,,,stats95_01
$09622A,SavesText,,,stats95_01
$096232,GoalText,,,stats95_01
$09623A,AssistText,,,stats95_01
$096242,SaveText,,,stats95_01
$09624A,PrintGameScore2,,,stats95_01
$0962A4,PrintScore2,,,stats95_01
$0962BE,DrawTeamLogo4,,,stats95_01
$0962EE,GetHighlightSlot,sub_962EE,,trade95
$096350,HighlightsHelp,,,trade95
$096390,DefaultRosters,sub_96390,,trade95
$096454,GetRosterId,sub_96454,,trade95
$096494,GetCreatedName,sub_96494,,trade95
$09649E,GetRosterName,sub_9649E,,trade95
$096506,GetRosterNameTail,loc_96506,,trade95
$096566,ReadTeamRoster,sub_96566,,trade95
$096584,WriteTeamRoster,sub_96584,,trade95
$0965A8,GetJerseyNumber,sub_965A8,,trade95
$096608,MoveSavedLines,sub_96608,,trade95
$09668C,ExecuteTrade,sub_9668C,,trade95
$0967BA,SortTradePlayers,sub_967BA,,trade95
$0967F8,ShiftTradeUp,sub_967F8,,trade95
$09681A,ShiftTradeDown,sub_9681A,,trade95
$09684A,MoveTradedPlayer,sub_9684A,,trade95
$0969AA,TradeStatOffsets,unk_969AA,,trade95
$0969B0,FixSavedLine,sub_969B0,,trade95
$096A34,TeamRecordSRAM,unk_96A34,,trade95
$096A54,RemoveTradedPlayer,sub_96A54,,trade95
$096BB2,TradeStatOffsets2,unk_96BB2,,trade95
$096BB8,FixSavedLine2,sub_96BB8,,trade95
$096C14,TradePlayers,loc_96C14,,trade95
$096EEA,DrawTradeRoster1,sub_96EEA,,trade95
$096F18,DrawTradeRoster2,sub_96F18,,trade95
$096F42,DrawTradeRosterRows,loc_96F42,,trade95
$097020,PositionLetters,unk_97020,,trade95
$09702C,ReadTradePads,sub_9702C,,trade95
$097074,TradeDone,loc_97074,,trade95
$0970B4,TradeExit,loc_970B4,,trade95
$0970C0,CheckTrade,sub_970C0,,trade95
$0972E0,CountChosen,sub_972E0,,trade95
$09731E,InvalidTradeText,unk_9731E,,trade95
$097338,TradeRulesText,unk_97338,,trade95
$097410,BuildTradeList,sub_97410,,trade95
$09743A,TradeGfx,sub_9743A,,trade95
$09757C,DrawTradeLogo,sub_9757C,,trade95
$0975AC,DrawTradeTeam,sub_975AC,,trade95
$09766C,rtsTrade,nullsub_1,,trade95
$09766E,EvaluateTrade,loc_9766E,,trade95
$0977B0,PrintTradeNames,sub_977B0,,trade95
$097810,PositionLetters2,unk_97810,,trade95
$09781C,ReadTradePads2,sub_9781C,,trade95
$097868,GMDecision,sub_97868,,trade95
$097966,GMDecisionRetry,loc_97966,,trade95
$097B5C,PrintTradedPlayers,sub_97B5C,,trade95
$097B8E,ReadTradePads3,,,trade95
$097C0E,TradeValue,sub_97C0E,,trade95
$097C46,TradeRatingSteps,unk_97C46,,trade95
$097C4D,TradeRatingValues,unk_97C4D,,trade95
$097C54,CreateScreenGfx,sub_97C54,,create95
$097D9A,CreatePlayer,loc_97D9A,,create95
$097DDC,CreatePlayer.createPlayerRedraw,,CreatePlayerRedraw,create95
$097DDC,CreatePlayerRedraw,loc_97DDC,,create95
$097E7A,CreatePlayer.createPlayerLoop,,CreatePlayerLoop,create95
$097E7A,CreatePlayerLoop,loc_97E7A,,create95
$097F5E,CreateListMove,loc_97F5E,,create95
$097F5E,CreatePlayer.createListMove,,CreateListMove,create95
$098026,CreatePlayer.nameCursorMove,,NameCursorMove,create95
$098026,NameCursorMove,loc_98026,,create95
$098054,CreatePlayer.gridCursorMove,,GridCursorMove,create95
$098054,GridCursorMove,loc_98054,,create95
$0980D0,CreateNameDone,loc_980D0,,create95
$0980D0,CreatePlayer.createNameDone,,CreateNameDone,create95
$098106,CreatePlayer.createPlayerExit,,CreatePlayerExit,create95
$098106,CreatePlayerExit,loc_98106,,create95
$098116,NameEntry,sub_98116,,create95
$0982AA,NameEntryDone,loc_982AA,,create95
$0982B0,NameEntryBg,sub_982B0,,create95
$0982CC,NameEntryBgTail,sub_982CC,,create95
$0982E8,NameListMode,loc_982E8,,create95
$09832A,NameListHelp,sub_9832A,,create95
$09840A,FixFirstLetter,sub_9840A,,create95
$098438,FindGridLetter,sub_98438,,create95
$098462,rtsCreate2,nullsub_2,,create95
$098464,PrintGridLetter,sub_98464,,create95
$09848E,GridLetterPos,sub_9848E,,create95
$0984B6,DrawCreateList,sub_984B6,,create95
$098520,MoveListMarkers,sub_98520,,create95
$09854A,PrintListMarkers,sub_9854A,,create95
$09858E,ListMarkers,unk_9858E,,create95
$098596,ListMarkersOff,unk_98596,,create95
$09859E,CountNameLength,sub_9859E,,create95
$0985D2,PrintEditName,sub_985D2,,create95
$098696,CreateLetterGrid,unk_98696,,create95
$0986B6,NameEntryFramer,sub_986B6,,create95
$0986CC,GetCreateName,sub_986CC,,create95
$098722,SaveCreateName,sub_98722,,create95
$0987A6,CopyNameWords,sub_987A6,,create95
$0987BC,SaveNameNext,loc_987BC,,create95
$09883E,SaveNameOk,loc_9883E,,create95
$098842,SaveNameLoop2,loc_98842,,create95
$098846,SaveNameEnd,loc_98846,,create95
$09884A,InvalidName,loc_9884A,,create95
$0988CA,InvalidNameWait,loc_988CA,,create95
$0988DC,SaveNameFail,loc_988DC,,create95
$0988DE,SaveNameRet,loc_988DE,,create95
$0988E4,ReadCreatedPlayers,sub_988E4,,create95
$09898A,BuildEnteredName,sub_9898A,,create95
$098A2C,FormatNameRecord,sub_98A2C,,create95
$098A7E,NewCreateRecord,,,create95
$098A88,InitCreateRecord,sub_98A88,,create95
$098A8E,InitCreateRecord2,,,create95
$098AEE,CreateRecordTail1,unk_98AEE,,create95
$098AF6,CreateRecordTail2,unk_98AF6,,create95
$098AFE,CreateRatingsGfx,sub_98AFE,,create95
$098C64,CheckCreateSlots,sub_98C64,,create95
$098C88,ClearCreatedPlayers,sub_98C88,,create95
$098CA8,DeleteCreatedPlayer,sub_98CA8,,create95
$098DD4,GetCreatedId,sub_98DD4,,create95
$098DFC,ReadCreateList,sub_98DFC,,create95
$098E14,WriteCreateList,sub_98E14,,create95
$098E2C,ModifyRatings,loc_98E2C,,create95
$099160,PrintCreateName,sub_99160,,create95
$099224,DrawRatings,sub_99224,,create95
$099252,rtsCreate3,nullsub_3,,create95
$099254,PrintOverallRating,,,create95
$0992C0,PrintUnallocated,sub_992C0,,create95
$099302,DrawRatingValue,sub_99302,,create95
$09933C,FieldValue0,,,create95
$099364,FieldPrintSetup,,,create95
$099376,FieldValue1,,,create95
$09939C,FieldValue2,,,create95
$0993C2,FieldValue3,,,create95
$0993E8,FieldValue4,,,create95
$099410,FieldValue5,,,create95
$099438,FieldWeight,,,create95
$099466,FieldValue6,,,create95
$09948E,FieldValue7,,,create95
$0994B6,FieldValue8,,,create95
$0994DE,FieldValue9,,,create95
$099506,FieldValue10,,,create95
$09952E,FieldBlank1,,,create95
$099536,FieldBlank2,,,create95
$09953E,FieldJersey,,,create95
$099568,FieldValue11,,,create95
$099590,FieldValue12,,,create95
$0995B8,FieldValue13,,,create95
$0995E0,FieldValue14,,,create95
$099608,FieldValue15,,,create95
$099630,FieldValue16,,,create95
$099658,FieldValue17,,,create95
$099680,FieldHand,,,create95
$09969C,HandText,,,create95
$0996A4,FieldPos,,,create95
$0996BA,FieldDone,,,create95
$0996C6,PosText,,,create95
$0996D2,FieldHighlight,,,create95
$0996FC,SkaterFieldTbls,unk_996FC,,create95
$09970C,GoalieFieldTbls,unk_9970C,,create95
$09971C,FieldTbl1,,,create95
$099734,FieldTbl2,,,create95
$099748,FieldTbl3,,,create95
$099750,FieldTbl4,,,create95
$099758,FieldTbl5,,,create95
$099764,FieldTbl6,,,create95
$099774,DrawField,sub_99774,,create95
$099786,PrintFieldLabel,sub_99786,,create95
$0997E6,SkaterLabelLists,unk_997E6,,create95
$0997F6,GoalieLabelLists,unk_997F6,,create95
$099806,LabelList1,,,create95
$099806,SkaterSkillLabels,,LabelList1,create95
$099878,LabelList2,,,create95
$099878,SkaterShotLabels,,LabelList2,create95
$0998D8,LabelList3,,,create95
$0998D8,PosWeightLabels,,LabelList3,create95
$0998EE,HandUniformLabels,,LabelList4,create95
$0998EE,LabelList4,,,create95
$099908,GoalieSkillLabels,,LabelList5,create95
$099908,LabelList5,,,create95
$099942,GoalieSaveLabels,,LabelList6,create95
$099942,LabelList6,,,create95
$09998E,LastFieldRow,sub_9998E,,create95
$0999B4,SkaterLastRows,unk_999B4,,create95
$0999BC,GoalieLastRows,unk_999BC,,create95
$0999C4,EditField,sub_999C4,,create95
$0999F6,SkaterEditTbl,unk_999F6,,create95
$099A06,EditRow1,,,create95
$099A12,EditRow2,,,create95
$099A22,EditRow3,,,create95
$099A2A,EditRow4,,,create95
$099A32,GoalieEditTbl,unk_99A32,,create95
$099A42,EditRow5,,,create95
$099A5A,EditRow6,,,create95
$099A72,EditPlayerType,,,create95
$099AD8,EditAttrib1,,,create95
$099ADE,AdjustAttrib,,,create95
$099B34,rtsAdjustAttrib,,,create95
$099B36,EditAttrib2,,,create95
$099B3E,EditAttrib3,,,create95
$099B46,EditNibble,,,create95
$099B76,EditAttrib4,,,create95
$099B80,EditAttrib5,,,create95
$099B8A,EditAttrib6,,,create95
$099B94,EditAttrib7,,,create95
$099B9E,EditHand,,,create95
$099BAE,EditJersey,,,create95
$099C0A,EditAttrib8,,,create95
$099C14,EditAttrib9,,,create95
$099C1E,EditAttrib10,,,create95
$099C28,EditAttrib11,,,create95
$099C32,EditAttrib12,,,create95
$099C3C,EditAttrib13,,,create95
$099C46,EditAttrib14,,,create95
$099C50,EditAttrib15,,,create95
$099C5A,EditAttrib16,,,create95
$099C64,EditAttrib17,,,create95
$099C6E,EditAttrib18,,,create95
$099C78,EditNone,,,create95
$099C7A,ClearAttribDeltas,sub_99C7A,,create95
$099C94,LoadCreateTemplate,sub_99C94,,create95
$099CD0,ClearCreateArea,,,create95
$099CF8,SetPointsPool,sub_99CF8,,create95
$099D1C,CommitCreatedPlayer,sub_99D1C,,create95
$099E06,CommitAttribJumps,unk_99E06,,create95
$099E46,CrScale,,,create95
$099E50,CommitNone1,,,create95
$099E52,CommitNone2,,,create95
$099E54,CrScaleEven,,,create95
$099E70,CrScaleTable,,,create95
$099E8C,SignFreeAgents,loc_99E8C,,create95
$099F7E,FreeAgentRedraw,loc_99F7E,,create95
$099FC4,FreeAgentLoop,loc_99FC4,,create95
$09A1FC,PositionCountFns,unk_9A1FC,,create95
$09A208,PositionMaxChecks,unk_9A208,,create95
$09A214,CheckMaxGoalies,,,create95
$09A220,CheckMaxForwards,,,create95
$09A22C,CheckMaxDefense,,,create95
$09A242,FreeAgentArrows,sub_9A242,,create95
$09A2CE,FreeAgentViolation,loc_9A2CE,,create95
$09A34C,FreeAgentTeamBlock,sub_9A34C,,create95
$09A36E,DrawFreeAgents,sub_9A36E,,create95
$09A4B0,PositionLetters3,unk_9A4B0,,create95
$09A4BC,ReadFreeAgentPads,sub_9A4BC,,create95
$09A508,FreeAgentExit,loc_9A508,,create95
$09A514,FreeAgentsEmpty,loc_9A514,,create95
$09A51A,FreeAgentMessage,loc_9A51A,,create95
$09A51A,FreeAgentsEmpty.freeAgentMessage,,FreeAgentMessage,create95
$09A54A,FreeAgentMsgText,unk_9A54A,,create95
$09A572,BuildFreeAgentList,sub_9A572,,create95
$09A5B4,rtsCreate4,nullsub_4,,create95
$09A5B6,TestFreeAgents,sub_9A5B6,,create95
$09A5C8,ReleasePlayers,loc_9A5C8,,create95
$09A682,ReleaseRedraw,loc_9A682,,create95
$09A6E2,ReleaseLoop,loc_9A6E2,,create95
$09A99A,PositionMinChecks,unk_9A99A,,create95
$09A9A6,CheckMinGoalies,,,create95
$09A9B2,CheckMinForwards,,,create95
$09A9BE,CheckMinDefense,,,create95
$09A9D4,ReleaseArrows,sub_9A9D4,,create95
$09AA62,ReleaseViolation,loc_9AA62,,create95
$09AAE0,ReleaseTeamBlock,sub_9AAE0,,create95
$09AB02,DrawReleaseRoster,sub_9AB02,,create95
$09ABF6,PositionLetters4,unk_9ABF6,,create95
$09AC02,ReadReleasePads,sub_9AC02,,create95
$09AC82,ReleaseExit,loc_9AC82,,create95
$09AC8E,FreeAgentsFull,loc_9AC8E,,create95
$09AC94,FreeAgentsFull.releaseMessage,,ReleaseMessage,create95
$09AC94,ReleaseMessage,loc_9AC94,,create95
$09ACC4,ReleaseMsgText,unk_9ACC4,,create95
$09ACE4,rtsCreate5,nullsub_5,,create95
$09ACE6,NameEntryScreen,sub_9ACE6,,cards95_01
$09B0AC,NameEntryExit,loc_9B0AC,,cards95_01
$09B0AC,NameEntryScreen.nameEntryExit,,NameEntryExit,cards95_01
$09B0B6,NameLetterGrid,sub_9B0B6,,cards95_01
$09B1C4,NameEntryHelp,sub_9B1C4,,cards95_01
$09B228,PrintNamePrompt,sub_9B228,,cards95_01
$09B25A,SyncLetterCursor,sub_9B25A,,cards95_01
$09B288,FindLetter,sub_9B288,,cards95_01
$09B2B2,PrintNameCursor,sub_9B2B2,,cards95_01
$09B2CA,rtsNameCursor,locret_9B2CA,,cards95_01
$09B2CC,PrintCurLetter,sub_9B2CC,,cards95_01
$09B2F6,LetterGridPos,sub_9B2F6,,cards95_01
$09B31E,EnterNameTxt,unk_9B31E,,cards95_01
$09B336,SelectNameTxt,unk_9B336,,cards95_01
$09B34E,PrintNameLog,sub_9B34E,,cards95_01
$09B3A0,MoveLogArrows,sub_9B3A0,,cards95_01
$09B3CA,PrintLogArrows,sub_9B3CA,,cards95_01
$09B408,LogArrowsTxt,unk_9B408,,cards95_01
$09B410,LogArrowsClrTxt,unk_9B410,,cards95_01
$09B418,GetNameLength,sub_9B418,,cards95_01
$09B446,PrintNameField,sub_9B446,,cards95_01
$09B4EE,LetterGrid,unk_9B4EE,,cards95_01
$09B50E,GetLogName,sub_9B50E,,cards95_01
$09B550,StoreUserName,sub_9B550,,cards95_01
$09B5E2,WriteNameRecord,sub_9B5E2,,cards95_01
$09B6F4,UserNameEntry,sub_9B6F4,,records95
$09B7BE,CountTeamPads,sub_9B7BE,,records95
$09B7EA,NameInUse,sub_9B7EA,,records95
$09B822,SkipPadName,sub_9B822,,records95
$09B838,SkipOtherUserName,,SkipUserName,records95
$09B838,SkipUserName,sub_9B838,,records95
$09B86C,WriteNameLog,sub_9B86C,,records95
$09B876,ReadNameLog,sub_9B876,,records95
$09B87C,NameLogIO,loc_9B87C,,records95
$09B8B2,ClearNameHelp,sub_9B8B2,,records95
$09B8D6,PlayoffStatsScreen,,,records95
$09B90E,RecordHoldersScreen,,,records95
$09BA1E,PrintRecordPage,,,records95
$09BA2A,PrintRecordTitles,,,records95
$09BA56,WinRecTitles,,,records95
$09BAA8,GoalRecTitles,,,records95
$09BAF8,SaveRecTitles,,,records95
$09BB48,PrintWinRecords,,,records95
$09BC44,ClearRecordArea,,,records95
$09BC86,PrintPlayerRecords,,,records95
$09BDAE,RecBlankTxt,,,records95
$09BDAE,RecParenTxt,,RecBlankTxt,records95
$09BDD6,RecHolderByTxt,,,records95
$09BDDC,RecHolderVsTxt,,,records95
$09BDE4,PrintRecordName,,,records95
$09BE34,CalcWinPercents,,,records95
$09BF32,ReadTeamRecords,,,records95
$09BFD0,ClearWinRecords,,,records95
$09C01A,UpdateRecords,sub_9C01A,,cards95_02
$09C14C,UpdateTeamRecord,loc_9C14C,,cards95_02
$09C226,UpdateCrowdRecord,sub_9C226,,cards95_02
$09C2CC,UpdatePlayerRecords,sub_9C2CC,,cards95_02
$09C36E,GetPadUser,sub_9C36E,,cards95_02
$09C3A8,UpdateUserRecord,sub_9C3A8,,cards95_02
$09C464,ReadTeamRecord,sub_9C464,,cards95_02
$09C46A,TeamRecordIO,loc_9C46A,,cards95_02
$09C49A,WriteTeamRecord,sub_9C49A,,cards95_02
$09C4A2,clrCrowdRAM,sub_9C4A2,,cards95_02
$09C4A8,CrowdRecordIO,loc_9C4A8,,cards95_02
$09C4D8,WriteCrowdRecord,sub_9C4D8,,cards95_02
$09C4E0,ReadPlayerRecord,sub_9C4E0,,cards95_02
$09C4E6,PlayerRecordIO,loc_9C4E6,,cards95_02
$09C522,WritePlayerRecord,sub_9C522,,cards95_02
$09C52A,PlayerRecordOffsets,unk_9C52A,,cards95_02
$09C564,CountGoalies,sub_9C564,,cards95_02
$09C58E,CountPlayers,sub_9C58E,,cards95_02
$09C5B8,SetupScreen,,,cards95_02
$09C6F0,GetTeamUser,sub_9C6F0,,awards95
$09C766,SeasonAwards,sub_9C766,,awards95
$09C7BE,PrintAwardTitle,sub_9C7BE,,awards95
$09C802,PrintCentered,sub_9C802,,awards95
$09C81E,AwardNames,unk_9C81E,,awards95
$09C8DC,AwardDescs,unk_9C8DC,,awards95
$09C994,AwardDescs2,unk_9C994,,awards95
$09C9DE,DrawAwardPicture,sub_9C9DE,,awards95
$09CA40,AwardPictures,unk_9CA40,,awards95
$09CA64,AwardPictureX,unk_9CA64,,awards95
$09CA76,AwardPictureY,unk_9CA76,,awards95
$09CA88,DrawFinalistsPanel,sub_9CA88,,awards95
$09CA9E,DrawWinnerPanel,sub_9CA9E,,awards95
$09CAB4,DrawAwardPanel,loc_9CAB4,,awards95
$09CAD4,AwardWinnerNop,nullsub_6,,awards95
$09CAD6,PrintFinalists,sub_9CAD6,,awards95
$09CC7A,FlashWinnerCaption,sub_9CC7A,,awards95
$09CCD8,AwardsLoop,sub_9CCD8,,awards95
$09CE08,AwardsScreenSetup,sub_9CE08,,awards95
$09CEDC,FindAwardFinalists,sub_9CEDC,,awards95
$09CF54,SortAwardScores,sub_9CF54,,awards95
$09D00C,AwardScanTbl,unk_9D00C,,awards95
$09D030,ScanConnSmythe,,,awards95
$09D03C,rtsAwardScan,,,awards95
$09D03E,ScanPresidents,unk_9D03E,,awards95
$09D08E,ScanSelke,,,awards95
$09D09A,ScanPearson,,,awards95
$09D0A6,ScanJennings,,,awards95
$09D0B8,ScanArtRoss,,,awards95
$09D0C4,ScanNorris,,,awards95
$09D0D0,ScanHart,,,awards95
$09D0DC,ScanVezina,,,awards95
$09D0E8,ScanAllPlayers,,,awards95
$09D154,ConnSmytheScore,,,awards95
$09D182,PresidentsScore,,,awards95
$09D1AA,SelkeScore,,,awards95
$09D238,PearsonScore,,,awards95
$09D25C,JenningsScore,,,awards95
$09D2BE,ArtRossScore,,,awards95
$09D2E8,VezinaScore,,,awards95
$09D360,NorrisScore,,,awards95
$09D404,HartScore,,,awards95
$09D44C,AwardQualifies,,,awards95
$09D450,AwardNotQualified,,,awards95
$09D456,GetGoalieAwardStats,,,awards95
$09D482,GetAwardGoals,,,awards95
$09D4AC,GetAwardAssists,,,awards95
$09D4CE,InitPlayoffs,sub_9D4CE,,awards95
$09D552,SeedPairings,sub_9D552,,awards95
$09D584,SortSeeds,sub_9D584,,awards95
$09D5F4,CalcSeedPoints,sub_9D5F4,,awards95
$09D640,CopyBytes,sub_9D640,,awards95
$09D648,ConferenceTeams1,unk_9D648,,awards95
$09D654,ConferenceTeams2,unk_9D654,,awards95
$09D662,SetupPlayoffs,sub_9D662,,awards95
$09D71A,RestoreSeasonHeader,,,awards95
$09D748,NextPlayoffRound,sub_9D748,,awards95
$09D770,InitPlayoffSeries,sub_9D770,,awards95
$09D7C0,PlayoffRoundDone,sub_9D7C0,,awards95
$09D856,SeriesInRound,sub_9D856,,awards95
$09D876,SeriesCountTbl,unk_9D876,,awards95
$09D87E,GetRoundPairings,sub_9D87E,,awards95
$09D8A8,RoundPairOffsets,unk_9D8A8,,awards95
$09D8AE,ReadPlayoffSchedule,sub_9D8AE,,awards95
$09D8D2,RecordPlayoffGame,sub_9D8D2,,awards95
$09D93E,CollectSeriesWinners,sub_9D93E,,awards95
$09D9C0,RoundSeriesOffsets,unk_9D9C0,,awards95
$09D9C8,RoundSeriesCounts,unk_9D9C8,,awards95
$09D9CE,PlayoffTreeScreen,,,awards95
$09DA50,ClearShootout,,ShootoutInit,title95_01
$09DA50,ShootoutInit,sub_9DA50,,title95_01
$09DA94,InitShooters,sub_9DA94,,title95_01
$09DAD0,PSandSOpassdir,sub_9DAD0,,title95_01
$09DAF8,passdirlist,unk_9DAF8,,title95_01
$09DB0A,StartShootoutPath,,,title95_01
$09DB3C,ShootoutPaths,,,title95_01
$09DB58,ShootoutPath1,,,title95_01
$09DB64,ShootoutPath2,,,title95_01
$09DB74,ShootoutPath3,,,title95_01
$09DB80,ShootoutPath4,,,title95_01
$09DB8C,ShootoutPath5,,,title95_01
$09DB98,ShootoutPath6,,,title95_01
$09DBA4,ShootoutPath7,,,title95_01
$09DBB0,NextPathPoint,,,title95_01
$09DC18,SkatePath,,,title95_01
$09DCA0,ShootoutShootCheck,,,title95_01
$09DD3E,NextShooter,,,shootout95
$09DD94,CountShootoutGoals,sub_9DD94,,shootout95
$09DDEE,EndShootout,sub_9DDEE,,shootout95
$09DE8A,PlayoffRoundScreen,loc_9DE8A,,shootout95
$09DFD0,RoundBigTxt,unk_9DFD0,,shootout95
$09DFE6,ShootoutWonBy,sub_9DFE6,,shootout95
$09E058,ShootoutSetup,,,shootout95
$09E058,ShootoutShooters,,ShootoutSetup,shootout95
$09E0AA,ShootersRedraw,,,shootout95
$09E0B6,ShootersLoop,,,shootout95
$09E10A,ShootersExit,,,shootout95
$09E110,ShooterSelectList,,,shootout95
$09E29A,PrintShooterList,,,shootout95
$09E37C,ShooterOverallTxt,,,shootout95
$09E392,ShooterOverallTxt2,,,shootout95
$09E3A8,ShootersPick,,,shootout95
$09E3B4,ShootersMove,,,shootout95
$09E3D8,ShootersSelect,,,shootout95
$09E3E8,ShootersBackground,,,shootout95
$09E42A,ClearShooterScreen,,,shootout95
$09E444,ResetShooterScroll,,,shootout95
$09E44E,PrintShooterSlots,,,shootout95
$09E4E0,PrintShooterBox,,,shootout95
$09E56E,PrintShooterNames,,,shootout95
$09E5F0,puckshootout,,,checks95_07
$09E7A6,SelectPenaltyShotSkater,,,checks95_07
$09E8E0,puckpenshot,,,checks95_07
$09EC2A,PenShotTable,,,checks95_07
$09EC5E,UpdatePenaltyShotEnd,,,checks95_07
$09ECE6,EndPenaltyShotPlay,sub_9ECE6,,checks95_07
$09ED4C,PenaltyShotEndReturn,,,checks95_07
$09ED4E,SetupPenaltyShot,,,checks95_07
$09EDD2,PenaltyShotBox,sub_9EDD2,,checks95_07
$09EEAE,PenShotBigTxt,unk_9EEAE,,checks95_07
$09EEC4,PenShotChk,sub_9EEC4,,checks95_07
$09EF3C,getBAplayerInfo,sub_9EF3C,,checks95_07
$09EFE4,ShortenMsgTimer,sub_9EFE4,,checks95_07
$09F012,setInjuryType,sub_9F012,,checks95_07
$09F144,SetSeasonInjuries,sub_9F144,,checks95_07
$09F192,TickTeamInjuries,sub_9F192,,checks95_07
$09F1AC,TickInjuries,sub_9F1AC,,checks95_07
$09F1EA,SetInjuryGames,sub_9F1EA,,checks95_07
$09F232,GetInjuryGames,sub_9F232,,checks95_07
$09F260,getFgtbyte,sub_9F260,,checks95_07
$09F26A,chkFgtBit1,sub_9F26A,,checks95_07
$09F282,CheckInjury,sub_9F282,,checks95_07
$09F3B8,InsertInjurySlot,sub_9F3B8,,checks95_07
$09F40E,DeleteInjurySlot,sub_9F40E,,checks95_07
$09F45E,updatepwrplay,sub_9F45E,,checks95_07
$09F520,ClearPowerPlay,sub_9F520,,checks95_07
$09F53C,rtsPowerPlay,locret_9F53C,,checks95_07
$09F53E,GetLowestPen,sub_9F53E,,checks95_07
$09F590,ScoutingReport,loc_9F590,,scout95
$09F950,PageMatchup,sub_9F950,,scout95
$09F982,PrintMatchupRating,sub_9F982,,scout95
$09F9A6,PrintTwoSpaces,sub_9F9A6,,scout95
$09F9C0,TwoSpacesTxt,unk_9F9C0,,scout95
$09F9C4,StatsText,,,scout95
$09FA4E,DrawMatchupPictures,sub_9FA4E,,scout95
$09FB2C,DrawMatchupPicture,sub_9FB2C,,scout95
$09FB62,DrawMatchupLogo,sub_9FB62,,scout95
$09FB88,DrawMatchupBitmap,loc_9FB88,,scout95
$09FBD4,GetMatchupLogo,sub_9FBD4,,scout95
$09FBE2,PrintMatchupRatings,sub_9FBE2,,scout95
$09FDEC,MatchupPosNames,unk_9FDEC,,scout95
$09FE58,GetMatchupPlayers,sub_9FE58,,scout95
$09FECA,GetMatchupPlayer,sub_9FECA,,scout95
$09FEFE,RestartAdvantageMarks,sub_9FEFE,,scout95
$09FF08,PrintAdvantageMarks,sub_9FF08,,scout95
$09FF86,HomeAdvMarks,unk_9FF86,,scout95
$09FF9E,VisAdvMarks,unk_9FF9E,,scout95
$09FFB6,HomeAdv0Txt,,,scout95
$09FFBC,HomeAdv1Txt,,,scout95
$09FFC2,HomeAdv2Txt,,,scout95
$09FFC8,HomeAdv3Txt,,,scout95
$09FFCE,VisAdv0Txt,,,scout95
$09FFD4,VisAdv1Txt,,,scout95
$09FFDA,VisAdv2Txt,,,scout95
$09FFE0,VisAdv3Txt,,,scout95
$09FFE6,EvenAdvTxt,unk_9FFE6,,scout95
$09FFEC,MatchupLineSlots,unk_9FFEC,,scout95
$09FFF4,BuildHotColdLists,sub_9FFF4,,scout95
$0A0042,SortHotColdStarters,sub_A0042,,scout95
$0A00D6,StartScoutText,sub_A00D6,,setup95_03
$0A00F0,ScoutTextPlayer,sub_A00F0,,setup95_03
$0A0370,ScoutTextNextLine,sub_A0370,,setup95_03
$0A03B8,CompareHotColdTotals,,,setup95_03
$0A041E,GetHotColdTotal,,,setup95_03
$0A043E,PrintPlayerNameRight,sub_A043E,,setup95_03
$0A0490,HotColdIcon,sub_A0490,,setup95_03
$0A055A,NextHomeHotPlayer,sub_A055A,,setup95_03
$0A0588,NextAwayHotPlayer,sub_A0588,,setup95_03
$0A05B6,NextHomeColdPlayer,sub_A05B6,,setup95_03
$0A05E4,NextAwayColdPlayer,sub_A05E4,,setup95_03
$0A0612,GetTeamArena,sub_A0612,,setup95_03
$0A062C,GetTeamNickname,sub_A062C,,setup95_03
$0A0662,HomeTxt,unk_A0662,,setup95_03
$0A0668,VisitorsTxt,unk_A0668,,setup95_03
$0A0672,CopyHottestPlayer,sub_A0672,,setup95_03
$0A0692,CopyColdestPlayer,sub_A0692,,setup95_03
$0A06B0,GetTeamRating,sub_A06B0,,setup95_03
$0A06DC,TeamRatingsLine,unk_A06DC,,setup95_03
$0A06FA,TeamRatings,unk_A06FA,,setup95_03
$0A0718,ScoutTextScript,unk_A0718,,setup95_03
$0A08DC,GetHomeUsers,sub_A08DC,,setup95_03
$0A0954,GetAwayUsers,sub_A0954,,setup95_03
$0A09CC,NextAwayUser,sub_A09CC,,setup95_03
$0A09DA,NextHomeUser,sub_A09DA,,setup95_03
$0A09E4,PopUserName,loc_A09E4,,setup95_03
$0A09FA,UserNameString,sub_A09FA,,setup95_03
$0A0A2E,NullSaveClear,nullsub_7,,setup95_03
$0A0A30,GetPlayerPicture,sub_A0A30,,setup95_03
$0A0B3E,updatecrowdf,sub_A0B3E,,stats95_02
$0A0B96,CrowdFrameTbl,unk_A0B96,,stats95_02
$0A0BF8,showcrowd,sub_A0BF8,,stats95_02
$0A0C34,ShowCrowdPb,sub_A0C34,,stats95_02
$0A0C54,ShowCrowdFrame,sub_A0C54,,stats95_02
$0A0D18,rtsShowCrowd,locret_A0D18,,stats95_02
$0A0D1A,ScoringSummaryScreen,,,stats95_02
$0A0E12,CheckGameStatScroll,,,stats95_02
$0A0E2A,UpdateGameStatScroll,,,stats95_02
$0A0E92,DisplayGameStatLineUp,,,stats95_02
$0A0EBE,DisplayGameStatLineDown,,,stats95_02
$0A0EEE,DisplayGameStatEntry,,,stats95_02
$0A0F8E,PrintPeriodTime,,,stats95_02
$0A0FA4,rtsGameStatScroll,,,stats95_02
$0A0FA6,GoalTypeTbl,,,stats95_02
$0A0FBE,DrawScrollArrowsPenalty,,,stats95_02
$0A0FFA,ScrollArrowTbl,,,stats95_02
$0A1022,PenaltySummaryScreen,,,stats95_02
$0A1112,CheckPenaltyScroll,,,stats95_02
$0A112A,UpdatePenaltyScroll,,,stats95_02
$0A1198,rtsPenaltyScroll,,,stats95_02
$0A119A,DisplayPenaltyLineUp,,,stats95_02
$0A11C6,DisplayPenaltyLineDown,,,stats95_02
$0A11F6,DisplayPenaltyEntry,,,stats95_02
$0A12AA,newTitleScreen,sub_A12AA,,title95_02
$0A1534,CreditsPrintRow,sub_A1534,,title95_02
$0A1584,CreditsWait,sub_A1584,,title95_02
$0A15C4,TitleVBlank,unk_A15C4,,title95_02
$0A162C,CreditsLineScroll,sub_A162C,,title95_02
$0A1674,CreditsScrollStep,,,title95_02
$0A16DE,HiScoreScreen,sub_A16DE,,title95_02
$0A17B8,StanleyCupScreen,sub_A17B8,,title95_02
$0A18CC,CupReadPads,sub_A18CC,,title95_02
$0A1900,CupWaitFrame,sub_A1900,,title95_02
$0A190C,CupExit,loc_A190C,,title95_02
$0A1914,CupVBlank,unk_A1914,,title95_02
$0A1952,CupDrawTeam,sub_A1952,,title95_02
$0A198E,CupBuildSprites,sub_A198E,,title95_02
$0A19F8,AddSpriteFrame,sub_A19F8,,title95_02
$0A1A5A,NoPlayerPicture,unk_A1A5A,,graphics95_01
$0A1A5A,PicturePalette,,NoPlayerPicture,graphics95_01
$0A1E90,NoPicSkater2,unk_A1E90,,graphics95_01
$0A21FA,NoPicSkater1,unk_A21FA,,graphics95_01
$0A2564,NoPicGoalie2,unk_A2564,,graphics95_01
$0A28CE,NoPicGoalie1,unk_A28CE,,graphics95_01
$0A2C38,CardGuyHebert,,,graphics95_01
$0A2FA2,CardBobCorkum,,,graphics95_01
$0A330C,CardTerryYake,,,graphics95_01
$0A3676,CardGarryValk,,,graphics95_01
$0A39E0,CardSeanHill,,,graphics95_01
$0A3D4A,CardBillHoulder,,,graphics95_01
$0A40B4,CardJonCasey,,,graphics95_01
$0A441E,CardAdamOates,,,graphics95_01
$0A4788,CardBryanSmolinski,,,graphics95_01
$0A4AF2,CardCamNeely,,,graphics95_01
$0A4E5C,CardRayBourque,,,graphics95_01
$0A51C6,CardAlIafrate,,,graphics95_01
$0A5530,CardDominikHasek,,,graphics95_01
$0A589A,CardPatLaFontaine,,,graphics95_01
$0A5C04,CardDaleHawerchuk,,,graphics95_01
$0A5F6E,CardAlexnderMogilny,,,graphics95_01
$0A62D8,CardDougBodger,,,graphics95_01
$0A6642,CardPetrSvoboda,,,graphics95_01
$0A69AC,CardMikeVernon,,,graphics95_01
$0A6D16,CardJoeNieuwendyk,,,graphics95_01
$0A7080,CardGaryRoberts,,,graphics95_01
$0A73EA,CardTheorenFleury,,,graphics95_01
$0A7754,CardZarleyZalapski,,,graphics95_01
$0A7ABE,CardAlMacInnis,,,graphics95_01
$0A7E28,CardEdBelfour,,,graphics95_01
$0A8192,CardJeremyRoenick,,,graphics95_01
$0A84FC,CardMichelGoulet,,,graphics95_01
$0A8866,CardJoeMurphy,,,graphics95_01
$0A8BD0,CardChrisChelios,,,graphics95_01
$0A8F3A,CardSteveSmith,,,graphics95_01
$0A92A4,CardAndyMoog,,,graphics95_01
$0A960E,CardMikeModano,,,graphics95_01
$0A9978,CardDaveGagner,,,graphics95_01
$0A9CE2,CardRussCourtnall,,,graphics95_01
$0AA04C,CardMarkTinordi,,,graphics95_01
$0AA3B6,CardDerianHatcher,,,graphics95_01
$0AA720,CardBobEssensa,,,graphics95_01
$0AAA8A,CardSteveYzerman,,,graphics95_01
$0AADF4,CardSergeiFedorov,,,graphics95_01
$0AB15E,CardDinoCiccarelli,,,graphics95_01
$0AB4C8,CardPaulCoffey,,,graphics95_01
$0AB832,CardSteveChiasson,,,graphics95_01
$0ABB9C,CardBillRanford,,,graphics95_01
$0ABF06,CardDougWeight,,,graphics95_01
$0AC30C,CardShayneCorson,,,graphics95_01
$0AC676,CardZdenoCiger,,,graphics95_01
$0ACA7C,CardIgorKravchuk,,,graphics95_01
$0ACDE6,CardBobBeers,,,graphics95_01
$0AD150,CardJohnVanbiesbrk,,,graphics95_01
$0AD4BA,CardJesseBelanger,,,graphics95_01
$0AD824,CardAndreiLomakin,,,graphics95_01
$0ADB8E,CardBobKudelski,,,graphics95_01
$0ADFAC,CardBrianBenning,,,graphics95_01
$0AE316,CardGordMurphy,,,graphics95_01
$0AE680,CardSeanBurke,,,graphics95_01
$0AE9EA,CardAndrewCassels,,,graphics95_01
$0AED54,CardGeoffSanderson,,,graphics95_01
$0AF0BE,CardPatVerbeek,,,graphics95_01
$0AF428,CardAlexnderGodynyuk,,,graphics95_01
$0AF792,CardChrisPronger,,,graphics95_01
$0AFAFC,CardKellyHrudey,,,graphics95_01
$0AFEEA,CardWayneGretzky,,,graphics95_01
$0B0254,CardLucRobitaille,,,graphics95_01
$0B05BE,CardJariKurri,,,graphics95_01
$0B0928,CardRobBlake,,,graphics95_01
$0B0C92,CardMartyMcSorley,,,graphics95_01
$0B0FFC,CardPatrickRoy,,,graphics95_01
$0B1366,CardKirkMuller,,,graphics95_01
$0B16D0,CardVincentDamphousse,,,graphics95_01
$0B1A3A,CardBrianBellows,,,graphics95_01
$0B1DA4,CardEricDesjardins,,,graphics95_01
$0B210E,CardMattSchneider,,,graphics95_01
$0B24E4,CardChrisTerreri,,,graphics95_01
$0B284E,CardCoreyMillen,,,graphics95_01
$0B2BB8,CardJohnMacLean,,,graphics95_01
$0B2F22,CardStephaneRicher,,,graphics95_01
$0B328C,CardScottStevens,,,graphics95_01
$0B35F6,CardScottNiedrmayer,,,graphics95_01
$0B3960,CardRonHextall,,,graphics95_01
$0B3D36,CardPierreTurgeon,,,graphics95_01
$0B40A0,CardBenoitHogue,,,graphics95_01
$0B440A,CardSteveThomas,,,graphics95_01
$0B4774,CardDariusKasparitis,,,graphics95_01
$0B4B7A,CardVladimirMalakhov,,,graphics95_01
$0B4EE4,CardMikeRichter,,,graphics95_01
$0B524E,CardMarkMessier,,,graphics95_01
$0B55B8,CardAdamGraves,,,graphics95_01
$0B59D6,CardSteveLarmer,,,graphics95_01
$0B5D40,CardBrianLeetch,,,graphics95_01
$0B60AA,CardSergeiZubov,,,graphics95_01
$0B6414,CardCraigBillington,,,graphics95_01
$0B677E,CardAlexnderDaigle,,,graphics95_01
$0B6AE8,CardAlexeiYashin,,,graphics95_01
$0B6E52,CardSylvainTurgeon,,,graphics95_01
$0B71BC,CardNormMaciver,,,graphics95_01
$0B7526,CardBradShaw,,,graphics95_01
$0B7890,CardDominicRoussel,,,graphics95_01
$0B7BFA,CardEricLindros,,,graphics95_01
$0B7F64,CardRodBrindAmour,,,graphics95_01
$0B82CE,CardMarkRecchi,,,graphics95_01
$0B8638,CardGarryGalley,,,graphics95_01
$0B89A2,CardDimitriYushkevich,,,graphics95_01
$0B8D0C,CardTomBarrasso,,,graphics95_01
$0B9076,CardMarioLemieux,,,graphics95_01
$0B93E0,CardKevinStevens,,,graphics95_01
$0B974A,CardJaromirJagr,,,graphics95_01
$0B9AB4,CardUlfSamuelsson,,,graphics95_01
$0B9E1E,CardLarryMurphy,,,graphics95_01
$0BA188,CardStephaneFiset,,,graphics95_01
$0BA4F2,CardJoeSakic,,,graphics95_01
$0BA85C,CardMatsSundin,,,graphics95_01
$0BABC6,CardValeriKamensky,,,graphics95_01
$0BAF30,CardCurtisLeschyshyn,,,graphics95_01
$0BB29A,CardAlexeiGusarov,,,graphics95_01
$0BB604,CardArtursIrbe,,,graphics95_01
$0BB96E,CardIgorLarionov,,,graphics95_01
$0BBCD8,CardUlfDahlen,,,graphics95_01
$0BC042,CardSergeiMakarov,,,graphics95_01
$0BC3AC,CardJeffNorton,,,graphics95_01
$0BC716,CardSandisOzolinsh,,,graphics95_01
$0BCA80,CardCurtisJoseph,,,graphics95_01
$0BCDEA,CardCraigJanney,,,graphics95_01
$0BD154,CardBrendanShanahan,,,graphics95_01
$0BD4BE,CardBrettHull,,,graphics95_01
$0BD828,CardPhilHousley,,,graphics95_01
$0BDB92,CardSteveDuchesne,,,graphics95_01
$0BDEFC,CardDarenPuppa,,,graphics95_01
$0BE266,CardChrisGratton,,,graphics95_01
$0BE5D0,CardBrianBradley,,,graphics95_01
$0BE93A,CardPetrKlima,,,graphics95_01
$0BECA4,CardRomanHamrlik,,,graphics95_01
$0BF00E,CardShawnChambers,,,graphics95_01
$0BF378,CardFelixPotvin,,,graphics95_01
$0BF6E2,CardDougGilmour,,,graphics95_01
$0BFA4C,CardWendelClark,,,graphics95_01
$0BFDB6,CardDaveAndreychuk,,,graphics95_01
$0C01BC,CardJamieMacoun,,,graphics95_01
$0C0526,CardDaveEllett,,,graphics95_01
$0C0890,CardKirkMcLean,,,graphics95_01
$0C0BFA,CardCliffRonning,,,graphics95_01
$0C0F64,CardGeoffCourtnall,,,graphics95_01
$0C12CE,CardPavelBure,,,graphics95_01
$0C1638,CardJyrkiLumme,,,graphics95_01
$0C19A2,CardJeffBrown,,,graphics95_01
$0C1D0C,CardDonBeaupre,,,graphics95_01
$0C2076,CardMikeRidley,,,graphics95_01
$0C23E0,CardJoeJuneau,,,graphics95_01
$0C274A,CardDimitriKhristich,,,graphics95_01
$0C2AB4,CardKevinHatcher,,,graphics95_01
$0C2E1E,CardSylvainCote,,,graphics95_01
$0C3188,CardTimCheveldae,,,graphics95_01
$0C34F2,CardAlexeiZhamnov,,,graphics95_01
$0C385C,CardKeithTkachuk,,,graphics95_01
$0C3C62,CardTeemuSelanne,,,graphics95_01
$0C3FCC,CardTeppoNumminen,,,graphics95_01
$0C43EA,CardDaveManson,,,graphics95_01
$0C4754,FeaturedPicIdx,unk_C4754,,graphics95_01
$0C47FC,FeaturedPictures,unk_C47FC,,graphics95_01
$0C4A7C,Rinktilelist,unk_C4A7C,,graphics95_01
$0CA56A,Sprites,unk_CA56A,,graphics95_01
$0CA574,Spritetiles,,,graphics95_01
$1318F4,frameSprData,,,graphics95_01
$137B66,Hotlist,,HotSpotList,graphics95_01
$137B66,HotSpotList,unk_137B66,,graphics95_01
$1383C6,RosterFont,unk_1383C6,,graphics95_01
$139094,SmallFontMap,unk_139094,,graphics95_01
$139E02,SmallFontMap2,unk_139E02,,graphics95_01
$13AC70,PauseBgBitmap,unk_13AC70,,graphics95_01
$13E09E,PeriodNumberBitmap,,,graphics95_01
$13E21C,TabBitmap,unk_13E21C,,graphics95_01
$13EEAA,PauseFontMap,,,graphics95_01
$13FC18,ClockDigitsBitmap,unk_13FC18,,graphics95_01
$14000A,RosterBitmap,,,graphics95_01
$142906,Teamblocksmap,unk_142906,,graphics95_01
$146D24,PauseTeamBlocksMap,,,graphics95_01
$149E32,FaceOffMap,unk_149E32,,graphics95_01
$14A490,FaceOffSprites,unk_14A490,,graphics95_01
$14C148,Framermap,unk_14C148,,graphics95_01
$14C308,Framermap2,unk_14C308,,graphics95_01
$14C4C8,EnergyBarMap,unk_14C4C8,,graphics95_01
$14C796,EASportsMap,,,graphics95_01
$14EB04,RefTiles,unk_14EB04,,graphics95_01
$14FBA2,RefTilesHor,unk_14FBA2,,graphics95_01
$151760,SetupFont,unk_151760,,graphics95_01
$1524CE,SetupBgMap2,,,graphics95_01
$1588FC,SetupBgMap1,,,graphics95_01
$15974A,TeamBitmaps,unk_15974A,,graphics95_01
$15CE68,BigFontMap3,,,graphics95_01
$15E18A,BigFontMap,unk_15E18A,,graphics95_01
$15F46C,BigFontMap2,unk_15F46C,,graphics95_01
$16060E,RevRinkTilelist,unk_16060E,,graphics95_01
$1625F2,ReplayMap,,,graphics95_01
$162D18,ReplayIconMap,,,graphics95_01
$16334A,HiScoreBgMap,unk_16334A,,graphics95_01
$16430A,HiScoreImg,unk_16430A,,graphics95_01
$164AC8,ControllerBgMap,unk_164AC8,,graphics95_01
$165A36,GamesTodayLogoMap,unk_165A36,,graphics95_01
$167524,GamesTodayMap1,unk_167524,,graphics95_01
$16767E,GamesTodayMap2,unk_16767E,,graphics95_01
$16781E,GamesTodayMap3,unk_16781E,,graphics95_01
$167A44,CalendarBgMap,,,graphics95_01
$168E72,CalOpponentMap,,,graphics95_01
$1696DC,CalDayMap,,,graphics95_01
$169CE6,CalMonthMap,,,graphics95_01
$16A814,CalCheckMap,,,graphics95_01
$16A8BC,CalResultMap,,,graphics95_01
$16AA7C,ControllerTitleMap,,,graphics95_01
$16AD5A,PadCursorMap,unk_16AD5A,,graphics95_01
$16B0B2,PadIconMap1,,,graphics95_01
$16B1C8,PadIconMap2,,,graphics95_01
$16B2DE,PadIconMap3,,,graphics95_01
$16B3F4,PadIconMap4,,,graphics95_01
$16B50A,PlayerStatsBgMap,,,graphics95_01
$16C438,PlayerStatsTitleMap,,,graphics95_01
$16C776,PeriodStatsMap,,,graphics95_01
$16C9FC,HighlightsBgMap,,,graphics95_01
$16CC82,WaitBoxMap,,,graphics95_01
$16EAB4,LineEditorBgMap,,,graphics95_01
$16F7D2,PlayerSelectMap2,,,graphics95_01
$16FA70,PlayerSelectMap1,,,graphics95_01
$1703FE,CreateBgMap,,,graphics95_01
$172CCC,TradeBgMap,unk_172CCC,,graphics95_01
$17409A,AwardsBgMap,,,graphics95_01
$1787C8,FinalistsPanelMap,unk_1787C8,,graphics95_01
$178B12,WinnerPanelMap,unk_178B12,,graphics95_01
$178EC6,HartPic,,,graphics95_01
$179690,NorrisPic,,,graphics95_01
$17A94A,VezinaPic,,,graphics95_01
$17B2E8,ArtRossPic,,,graphics95_01
$17BF00,SelkePic,,,graphics95_01
$17E0D6,JenningsPic,,,graphics95_01
$17EE8E,PresidentsPic,,,graphics95_01
$17F76C,ConnSmythePic,,,graphics95_01
$18022A,PearsonPic,,,graphics95_01
$180B4E,EASNmap,unk_180B4E,,graphics95_01
$180D54,GMDecisionMap,unk_180D54,,graphics95_01
$181078,FreeAgentMap2,unk_181078,,graphics95_01
$181486,FreeAgentMap1,,,graphics95_01
$181B04,TradeAdvantageMap2,unk_181B04,,graphics95_01
$18277C,TradeAdvantageMap1,unk_18277C,,graphics95_01
$1834F4,NameEntryBgMap,unk_1834F4,,graphics95_01
$1835D6,Arrowsmap,unk_1835D6,,graphics95_01
$18394C,ScoutMap,,,graphics95_01
$1842DA,PlayoffSprite,unk_1842DA,,graphics95_01
$1891F8,ScoutReportMap,,,graphics95_01
$18A5C6,HotIconMap,unk_18A5C6,,graphics95_01
$18A78C,ColdIconMap,unk_18A78C,,graphics95_01
$18A9B2,RonBarrMap,,,graphics95_01
$18B628,CrowdFrameList,unk_18B628,,graphics95_01
$18DAA8,TitleScreenImg,unk_18DAA8,,graphics95_01
$1960D6,TitleImg,,,graphics95_01
$196C4C,StanleyCupImg,,,graphics95_01
$19A0FA,CupSprites,unk_19A0FA,,graphics95_01
$19A992,logoANA,,,graphics95_01
$19AE28,logoBOS,,,graphics95_01
$19B17E,logoBUF,,,graphics95_01
$19B4D4,logoCGY,,,graphics95_01
$19B96A,logoCHI,,,graphics95_01
$19BDA0,logoDET,,,graphics95_01
$19C0F6,logoEDM,,,graphics95_01
$19C4EC,logoFLA,,,graphics95_01
$19C8A2,logoHFD,,,graphics95_01
$19CB38,logoNYI,,,graphics95_01
$19CF8E,logoLA,,,graphics95_01
$19D304,logoDAL,,,graphics95_01
$19D71A,logoMTL,,,graphics95_01
$19DA90,logoNJ,,,graphics95_01
$19DF46,logoNYR,,,graphics95_01
$19E41C,logoOTW,,,graphics95_01
$19E832,logoPHI,,,graphics95_01
$19EBE8,logoPIT,,,graphics95_01
$19EF5E,logoQUE,,,graphics95_01
$19F2B4,logoSJ,,,graphics95_01
$19F6EA,logoSTL,,,graphics95_01
$19FAC0,logoTB,,,graphics95_01
$19FED6,logoTOR,,,graphics95_01
$1A022C,logoVAN,,,graphics95_01
$1A0642,logoWSH,,,graphics95_01
$1A08B8,logoWPG,,,graphics95_01
$1A0D2E,logoASE,,,graphics95_01
$1A11E4,logoASW,,,graphics95_01
$1A169A,TeamLogoPalettes,unk_1A169A,,title95_03
$1A1A1A,ArenaGfxBank,,,graphics95_02
$1A6C28,Credits,,,credits95
$1A6C6A,CreditsList,,,credits95
$1A72C0,ValidationRoutine,sub_1A72C0,,checksum95
$FFFFD0F6,namelogsel,word_FFD0F6,CreateListRow,cards95_01 records95 setup95_03
$FFFFD0F8,namelogarrows,word_FFD0F8,CreateListOldRow,cards95_01 records95 setup95_03
